date_label,row,col,traffic
普通工作日,0,0,110.02458804972723
普通工作日,0,1,118.26897310424602
普通工作日,0,2,51.75391230934407
普通工作日,0,3,49.706188242550176
普通工作日,0,4,61.830091984733194
普通工作日,0,5,67.6558176228573
普通工作日,0,6,76.57795056240572
普通工作日,0,7,135.75884341965065
普通工作日,0,8,210.44469711593158
普通工作日,0,9,441.67911843286817
普通工作日,0,10,186.57286392661422
普通工作日,0,11,122.30570843735518
普通工作日,0,12,125.29868501177485
普通工作日,0,13,199.01179411260014
普通工作日,0,14,147.0722934238783
普通工作日,0,15,139.04302187438032
普通工作日,0,16,64.78990031307552
普通工作日,0,17,48.992916675599005
普通工作日,0,18,69.72039835806763
普通工作日,0,19,106.2067879892991
普通工作日,1,0,67.84162426214351
普通工作日,1,1,60.80361243931518
普通工作日,1,2,51.713361312802
普通工作日,1,3,49.99793152094171
普通工作日,1,4,66.54505696844845
普通工作日,1,5,65.67831044943705
普通工作日,1,6,77.66471551232152
普通工作日,1,7,182.6442940120153
普通工作日,1,8,182.96602809307026
普通工作日,1,9,527.1049215022575
普通工作日,1,10,545.5525540395823
普通工作日,1,11,252.32748376938744
普通工作日,1,12,292.1967065125733
普通工作日,1,13,306.8559132875733
普通工作日,1,14,122.41009680877053
普通工作日,1,15,103.77278752403096
普通工作日,1,16,70.52857672698887
普通工作日,1,17,40.75917314242124
普通工作日,1,18,71.58159707869402
普通工作日,1,19,118.56227816994493
普通工作日,2,0,65.86503897305633
普通工作日,2,1,55.708893815936094
普通工作日,2,2,75.13720151974992
普通工作日,2,3,53.56236769494468
普通工作日,2,4,51.925063989685384
普通工作日,2,5,48.03152389395913
普通工作日,2,6,95.16818383763814
普通工作日,2,7,206.8516455740953
普通工作日,2,8,206.24785827246762
普通工作日,2,9,835.0521621552434
普通工作日,2,10,842.1519184687461
普通工作日,2,11,368.5146247425148
普通工作日,2,12,296.5570553050309
普通工作日,2,13,370.18791132780706
普通工作日,2,14,167.278576638939
普通工作日,2,15,101.57751454787605
普通工作日,2,16,124.28526761878618
普通工作日,2,17,161.56916624241802
普通工作日,2,18,151.0576137243886
普通工作日,2,19,271.6639911109279
普通工作日,3,0,58.959088592996665
普通工作日,3,1,75.3372318477692
普通工作日,3,2,109.83986555243894
普通工作日,3,3,104.59317584255845
普通工作日,3,4,106.7997849373844
普通工作日,3,5,89.42699589922918
普通工作日,3,6,75.43318445045485
普通工作日,3,7,113.09796043354544
普通工作日,3,8,384.41436206425277
普通工作日,3,9,427.85301438518076
普通工作日,3,10,599.8892024618269
普通工作日,3,11,281.5517374179358
普通工作日,3,12,107.97328301862596
普通工作日,3,13,263.56970635540745
普通工作日,3,14,223.8114657398947
普通工作日,3,15,186.7238376096392
普通工作日,3,16,307.6415699172785
普通工作日,3,17,404.4761602102128
普通工作日,3,18,323.1750271352841
普通工作日,3,19,294.26773180738525
普通工作日,4,0,63.142973249924744
普通工作日,4,1,129.38895990419036
普通工作日,4,2,130.53801371985108
普通工作日,4,3,188.99161724919674
普通工作日,4,4,184.14846400115604
普通工作日,4,5,86.5207363033827
普通工作日,4,6,154.75523596530223
普通工作日,4,7,501.9595260527889
普通工作日,4,8,1046.6685426785673
普通工作日,4,9,1015.3071236175615
普通工作日,4,10,409.3334014827487
普通工作日,4,11,139.81937783086087
普通工作日,4,12,272.05377229458855
普通工作日,4,13,218.5370505823411
普通工作日,4,14,184.5227779678901
普通工作日,4,15,157.12752516973399
普通工作日,4,16,461.0781056665521
普通工作日,4,17,507.9408742761159
普通工作日,4,18,296.2601041410537
普通工作日,4,19,166.8553194818838
普通工作日,5,0,94.06331590329073
普通工作日,5,1,151.52957443176336
普通工作日,5,2,173.2777256356953
普通工作日,5,3,325.751715807531
普通工作日,5,4,320.00472910240035
普通工作日,5,5,268.7630710813237
普通工作日,5,6,633.6954964058884
普通工作日,5,7,561.4928078662564
普通工作日,5,8,366.36523693905343
普通工作日,5,9,274.0517810655575
普通工作日,5,10,718.8217435551479
普通工作日,5,11,469.2497324506865
普通工作日,5,12,351.2039111328102
普通工作日,5,13,345.6818901220737
普通工作日,5,14,114.07470805396198
普通工作日,5,15,204.94501958210662
普通工作日,5,16,579.6457223196521
普通工作日,5,17,689.9761485631374
普通工作日,5,18,306.57912330406896
普通工作日,5,19,276.48590887824986
普通工作日,6,0,33.65125995274637
普通工作日,6,1,87.61644380475974
普通工作日,6,2,150.8155687640833
普通工作日,6,3,714.2731914876036
普通工作日,6,4,692.4509207261162
普通工作日,6,5,620.0038354393974
普通工作日,6,6,1141.9326949177548
普通工作日,6,7,897.0305896348968
普通工作日,6,8,217.86746681240874
普通工作日,6,9,402.12886687525275
普通工作日,6,10,790.4372757201406
普通工作日,6,11,596.1398358160668
普通工作日,6,12,437.7600253014851
普通工作日,6,13,419.0864644487143
普通工作日,6,14,216.85618966300564
普通工作日,6,15,265.2999478683065
普通工作日,6,16,620.2852812954244
普通工作日,6,17,413.65189459671274
普通工作日,6,18,330.7171211615127
普通工作日,6,19,305.0824719569905
普通工作日,7,0,37.37873515458443
普通工作日,7,1,92.95317667193336
普通工作日,7,2,119.28143807000637
普通工作日,7,3,246.81390401090513
普通工作日,7,4,570.8552820547154
普通工作日,7,5,1136.2048103527889
普通工作日,7,6,1035.5428624174863
普通工作日,7,7,768.2905506152175
普通工作日,7,8,616.573661959825
普通工作日,7,9,1473.5205021822278
普通工作日,7,10,1498.254995350674
普通工作日,7,11,1885.3841859527536
普通工作日,7,12,1387.4057926906594
普通工作日,7,13,962.8426885420379
普通工作日,7,14,916.2821829780748
普通工作日,7,15,565.3253747733714
普通工作日,7,16,450.49049715218916
普通工作日,7,17,299.33997573590955
普通工作日,7,18,296.0227005744784
普通工作日,7,19,237.8901503868361
普通工作日,8,0,73.449540024446
普通工作日,8,1,118.59380652145703
普通工作日,8,2,113.94224472459929
普通工作日,8,3,233.22876938835634
普通工作日,8,4,526.6080347441526
普通工作日,8,5,1252.1842487232814
普通工作日,8,6,705.3198624615447
普通工作日,8,7,954.4034311263007
普通工作日,8,8,1449.4096538150898
普通工作日,8,9,1918.1669490368238
普通工作日,8,10,2102.357960463088
普通工作日,8,11,2584.383214506366
普通工作日,8,12,2412.1673448924944
普通工作日,8,13,2213.2510017527834
普通工作日,8,14,663.9766900899778
普通工作日,8,15,869.8250530148812
普通工作日,8,16,605.2870650120412
普通工作日,8,17,176.61577083103197
普通工作日,8,18,177.4078226269187
普通工作日,8,19,166.27209070891882
普通工作日,9,0,39.77917402249941
普通工作日,9,1,109.7056487101839
普通工作日,9,2,121.56848122599803
普通工作日,9,3,207.50373528781793
普通工作日,9,4,660.2017099177826
普通工作日,9,5,1133.153792058462
普通工作日,9,6,922.2130503246511
普通工作日,9,7,1177.8346582981485
普通工作日,9,8,1890.983125341272
普通工作日,9,9,3047.3891976871855
普通工作日,9,10,3729.3581134609635
普通工作日,9,11,4284.934610081287
普通工作日,9,12,3114.4798567745775
普通工作日,9,13,2257.7568426844205
普通工作日,9,14,1270.8019345888783
普通工作日,9,15,803.3428523824357
普通工作日,9,16,370.83513817002597
普通工作日,9,17,637.6251997224992
普通工作日,9,18,406.1989203030603
普通工作日,9,19,105.72002789639926
普通工作日,10,0,61.0374035378931
普通工作日,10,1,33.2258197298227
普通工作日,10,2,159.99118739459544
普通工作日,10,3,420.5556198531854
普通工作日,10,4,585.4692765449868
普通工作日,10,5,817.9440402078162
普通工作日,10,6,765.5078780101006
普通工作日,10,7,880.5079798766698
普通工作日,10,8,2174.083418579671
普通工作日,10,9,3294.348548368357
普通工作日,10,10,2834.4416838037578
普通工作日,10,11,3271.10930697461
普通工作日,10,12,2643.644483235125
普通工作日,10,13,2873.3829743069023
普通工作日,10,14,1858.9958695815046
普通工作日,10,15,540.9974351991585
普通工作日,10,16,268.98076002852224
普通工作日,10,17,458.96696668382936
普通工作日,10,18,288.6026053180562
普通工作日,10,19,316.8422632752659
普通工作日,11,0,122.73170748494454
普通工作日,11,1,105.68217504936065
普通工作日,11,2,181.87088685615646
普通工作日,11,3,226.7510197465911
普通工作日,11,4,223.97978172286446
普通工作日,11,5,355.6476027511292
普通工作日,11,6,322.697085221443
普通工作日,11,7,567.1677687260969
普通工作日,11,8,1693.2861173721747
普通工作日,11,9,2138.6619916422032
普通工作日,11,10,2932.2424211608413
普通工作日,11,11,3470.9456080870445
普通工作日,11,12,2547.536638629956
普通工作日,11,13,3004.2081618318866
普通工作日,11,14,1625.0476409971002
普通工作日,11,15,756.8299700934441
普通工作日,11,16,317.70989630362
普通工作日,11,17,373.08818457606884
普通工作日,11,18,277.3308439655195
普通工作日,11,19,349.0512378275767
普通工作日,12,0,308.4596937815573
普通工作日,12,1,277.30082365251883
普通工作日,12,2,270.5996685067103
普通工作日,12,3,371.26957172521884
普通工作日,12,4,122.49024573085843
普通工作日,12,5,161.0440236341583
普通工作日,12,6,331.7526580499518
普通工作日,12,7,618.9017739370306
普通工作日,12,8,1029.1124166561747
普通工作日,12,9,2259.2590583261376
普通工作日,12,10,2117.6425465571765
普通工作日,12,11,2777.732443383161
普通工作日,12,12,2410.762380545176
普通工作日,12,13,2716.987059090391
普通工作日,12,14,2692.402085184523
普通工作日,12,15,1312.446678877528
普通工作日,12,16,435.75405800511857
普通工作日,12,17,419.0966186395378
普通工作日,12,18,527.5503000415221
普通工作日,12,19,467.7004577492133
普通工作日,13,0,226.9430231646742
普通工作日,13,1,303.1879747959457
普通工作日,13,2,196.52776663841885
普通工作日,13,3,168.98691812244243
普通工作日,13,4,180.51337211308788
普通工作日,13,5,326.3861039853819
普通工作日,13,6,536.8081624052418
普通工作日,13,7,712.4329453038255
普通工作日,13,8,845.77263363372
普通工作日,13,9,1357.8989388596597
普通工作日,13,10,1740.6983554856808
普通工作日,13,11,2453.0425885123373
普通工作日,13,12,2718.4616299881254
普通工作日,13,13,1318.589856563916
普通工作日,13,14,1775.4981490558057
普通工作日,13,15,987.4609066745431
普通工作日,13,16,716.8806908073191
普通工作日,13,17,633.4446784736821
普通工作日,13,18,821.5651829256576
普通工作日,13,19,330.9485189459565
普通工作日,14,0,307.63664294731643
普通工作日,14,1,340.7564876471176
普通工作日,14,2,222.20332168784626
普通工作日,14,3,359.0682459085756
普通工作日,14,4,538.1526380664844
普通工作日,14,5,612.5385117175833
普通工作日,14,6,394.4543681939174
普通工作日,14,7,756.8096396537915
普通工作日,14,8,1211.8249130853733
普通工作日,14,9,612.1365389543845
普通工作日,14,10,1102.3693819106013
普通工作日,14,11,1950.4823463338626
普通工作日,14,12,1892.169172829976
普通工作日,14,13,1238.9604267504903
普通工作日,14,14,1515.895844961621
普通工作日,14,15,1285.1884874490324
普通工作日,14,16,1066.162934348734
普通工作日,14,17,857.1511453130182
普通工作日,14,18,649.6961235287797
普通工作日,14,19,271.22637601632374
普通工作日,15,0,308.2091317028093
普通工作日,15,1,527.1851514910148
普通工作日,15,2,452.9869777209226
普通工作日,15,3,379.4093268942076
普通工作日,15,4,356.90054451781805
普通工作日,15,5,241.24602832234459
普通工作日,15,6,416.60654088112227
普通工作日,15,7,738.5830902221096
普通工作日,15,8,1125.7911926820468
普通工作日,15,9,715.3373724003874
普通工作日,15,10,1141.0346255664574
普通工作日,15,11,875.9724823478067
普通工作日,15,12,1149.1521097984935
普通工作日,15,13,1462.4966634877685
普通工作日,15,14,888.5622838630134
普通工作日,15,15,750.8508536153686
普通工作日,15,16,901.6782493904783
普通工作日,15,17,860.3983491432155
普通工作日,15,18,733.1052215677561
普通工作日,15,19,289.59487490308953
普通工作日,16,0,409.629986981127
普通工作日,16,1,584.9390846689444
普通工作日,16,2,833.8649372456981
普通工作日,16,3,423.608861351242
普通工作日,16,4,359.7840794730812
普通工作日,16,5,179.37387270168875
普通工作日,16,6,557.2219482367251
普通工作日,16,7,602.3170872974948
普通工作日,16,8,924.302075267186
普通工作日,16,9,735.5729927684122
普通工作日,16,10,852.9362534760278
普通工作日,16,11,750.8147053554817
普通工作日,16,12,671.4509069646012
普通工作日,16,13,901.6531141244438
普通工作日,16,14,1694.87238414578
普通工作日,16,15,1197.0684695339642
普通工作日,16,16,845.7989052535297
普通工作日,16,17,1093.7716937797923
普通工作日,16,18,716.6381652568739
普通工作日,16,19,317.5121748623658
普通工作日,17,0,524.8093592056757
普通工作日,17,1,391.2692483921505
普通工作日,17,2,538.9505368013726
普通工作日,17,3,446.5820132331934
普通工作日,17,4,310.4897234098563
普通工作日,17,5,308.00270485365087
普通工作日,17,6,920.0438367362294
普通工作日,17,7,770.3974032517606
普通工作日,17,8,509.4359677213588
普通工作日,17,9,565.7481449722098
普通工作日,17,10,1079.9849979399646
普通工作日,17,11,1344.5719439748384
普通工作日,17,12,1052.0497229482944
普通工作日,17,13,755.3146746175152
普通工作日,17,14,1564.347756075121
普通工作日,17,15,829.0555117384799
普通工作日,17,16,468.07377393012115
普通工作日,17,17,852.9101716745404
普通工作日,17,18,756.6557094140649
普通工作日,17,19,491.41920327732413
普通工作日,18,0,417.16076886901664
普通工作日,18,1,233.2108803734616
普通工作日,18,2,264.6928835810427
普通工作日,18,3,345.3706138523974
普通工作日,18,4,452.89831222293
普通工作日,18,5,311.5829702458342
普通工作日,18,6,346.1246168513712
普通工作日,18,7,400.10141613553157
普通工作日,18,8,311.6487232678899
普通工作日,18,9,529.1813571547216
普通工作日,18,10,877.5336120575926
普通工作日,18,11,1056.133267021348
普通工作日,18,12,863.9554422669263
普通工作日,18,13,1619.5279625947483
普通工作日,18,14,1012.250741689732
普通工作日,18,15,549.1089998855277
普通工作日,18,16,710.9670193627101
普通工作日,18,17,596.7190307803487
普通工作日,18,18,596.2191362403476
普通工作日,18,19,693.8603293149923
普通工作日,19,0,158.41098335307723
普通工作日,19,1,64.41647152593934
普通工作日,19,2,111.15467512812612
普通工作日,19,3,319.0974217548696
普通工作日,19,4,405.8673639820565
普通工作日,19,5,255.9406800306066
普通工作日,19,6,102.1062251321761
普通工作日,19,7,132.467507765344
普通工作日,19,8,308.9501680193083
普通工作日,19,9,567.1972921493851
普通工作日,19,10,732.2671650398275
普通工作日,19,11,642.6477083566703
普通工作日,19,12,605.3670647426383
普通工作日,19,13,1014.8959880726738
普通工作日,19,14,685.6339298200159
普通工作日,19,15,566.8546903310926
普通工作日,19,16,864.594426147239
普通工作日,19,17,599.9110897020005
普通工作日,19,18,421.52076238067934
普通工作日,19,19,429.0673530727334
圣诞假期开始,0,0,148.24629317399263
圣诞假期开始,0,1,163.47097668841016
圣诞假期开始,0,2,53.66941023069431
圣诞假期开始,0,3,50.45390387721244
圣诞假期开始,0,4,66.42785350114119
圣诞假期开始,0,5,80.89101143693053
圣诞假期开始,0,6,83.85222551824928
圣诞假期开始,0,7,104.29229174362268
圣诞假期开始,0,8,206.78489613967486
圣诞假期开始,0,9,640.9233770486917
圣诞假期开始,0,10,212.49926676781905
圣诞假期开始,0,11,188.33712299030242
圣诞假期开始,0,12,164.03138260863196
圣诞假期开始,0,13,236.24375253103534
圣诞假期开始,0,14,147.11617110864233
圣诞假期开始,0,15,128.99030002242318
圣诞假期开始,0,16,65.31896970279813
圣诞假期开始,0,17,69.30802657866823
圣诞假期开始,0,18,68.41062871899767
圣诞假期开始,0,19,85.68436858200785
圣诞假期开始,1,0,52.14755906493429
圣诞假期开始,1,1,50.10846897357911
圣诞假期开始,1,2,47.111859164352325
圣诞假期开始,1,3,58.47865670707991
圣诞假期开始,1,4,82.62875004825547
圣诞假期开始,1,5,84.12053220989314
圣诞假期开始,1,6,91.19932717931108
圣诞假期开始,1,7,151.83101241112647
圣诞假期开始,1,8,168.8695371706346
圣诞假期开始,1,9,560.9676899733282
圣诞假期开始,1,10,602.7492648282929
圣诞假期开始,1,11,328.93357546644665
圣诞假期开始,1,12,353.35135541292817
圣诞假期开始,1,13,474.19770272368226
圣诞假期开始,1,14,157.45781646971588
圣诞假期开始,1,15,130.5432743401188
圣诞假期开始,1,16,108.76042437900897
圣诞假期开始,1,17,67.47512537645986
圣诞假期开始,1,18,82.77701064682083
圣诞假期开始,1,19,190.138826841606
圣诞假期开始,2,0,52.353631683247855
圣诞假期开始,2,1,47.521083227231244
圣诞假期开始,2,2,68.22020638736052
圣诞假期开始,2,3,62.85096474730823
圣诞假期开始,2,4,66.4964989374105
圣诞假期开始,2,5,66.7614393272472
圣诞假期开始,2,6,93.06936041319739
圣诞假期开始,2,7,183.84166318103763
圣诞假期开始,2,8,155.6227124165607
圣诞假期开始,2,9,939.1015412380091
圣诞假期开始,2,10,922.9067317642231
圣诞假期开始,2,11,453.9427539577463
圣诞假期开始,2,12,363.72276591477834
圣诞假期开始,2,13,475.5080455910673
圣诞假期开始,2,14,224.50065526106673
圣诞假期开始,2,15,119.38823330121092
圣诞假期开始,2,16,152.8670036877889
圣诞假期开始,2,17,142.04072899249357
圣诞假期开始,2,18,153.57224052478566
圣诞假期开始,2,19,491.2883600206115
圣诞假期开始,3,0,47.28003489009645
圣诞假期开始,3,1,85.81222583228677
圣诞假期开始,3,2,127.79375734225876
圣诞假期开始,3,3,88.80845093282598
圣诞假期开始,3,4,97.42902441388087
圣诞假期开始,3,5,94.60922641155891
圣诞假期开始,3,6,63.175314580888354
圣诞假期开始,3,7,84.92012319274001
圣诞假期开始,3,8,131.26005636431898
圣诞假期开始,3,9,402.19888119401537
圣诞假期开始,3,10,884.2251494941754
圣诞假期开始,3,11,761.5075181821459
圣诞假期开始,3,12,102.67702834652435
圣诞假期开始,3,13,305.67933243153203
圣诞假期开始,3,14,251.32477512848808
圣诞假期开始,3,15,199.3875496187094
圣诞假期开始,3,16,303.59027500169907
圣诞假期开始,3,17,394.8843778780508
圣诞假期开始,3,18,338.573235133587
圣诞假期开始,3,19,275.1284009861246
圣诞假期开始,4,0,52.62304441407414
圣诞假期开始,4,1,163.21447862556835
圣诞假期开始,4,2,150.5079897834051
圣诞假期开始,4,3,138.4116333079041
圣诞假期开始,4,4,129.20349018676117
圣诞假期开始,4,5,75.03230616411176
圣诞假期开始,4,6,116.32587449694677
圣诞假期开始,4,7,555.6624200653815
圣诞假期开始,4,8,442.2221728220294
圣诞假期开始,4,9,884.206995570398
圣诞假期开始,4,10,362.01807270953486
圣诞假期开始,4,11,155.04644466392793
圣诞假期开始,4,12,298.751873350656
圣诞假期开始,4,13,209.45951544016188
圣诞假期开始,4,14,179.49359575969373
圣诞假期开始,4,15,146.7003916732511
圣诞假期开始,4,16,470.854049486295
圣诞假期开始,4,17,609.5052516346021
圣诞假期开始,4,18,266.7418286888339
圣诞假期开始,4,19,140.4674757587053
圣诞假期开始,5,0,78.06546419451195
圣诞假期开始,5,1,117.5640815844022
圣诞假期开始,5,2,144.48884305161536
圣诞假期开始,5,3,260.3263452406966
圣诞假期开始,5,4,226.13678682890222
圣诞假期开始,5,5,281.7065094128156
圣诞假期开始,5,6,740.561128806068
圣诞假期开始,5,7,572.661777389688
圣诞假期开始,5,8,237.16846094236547
圣诞假期开始,5,9,167.5118238731418
圣诞假期开始,5,10,724.406253145392
圣诞假期开始,5,11,549.1086729593164
圣诞假期开始,5,12,267.7870470524062
圣诞假期开始,5,13,231.1726846809563
圣诞假期开始,5,14,129.2462604485283
圣诞假期开始,5,15,189.40929206738915
圣诞假期开始,5,16,528.9447170407111
圣诞假期开始,5,17,585.590275800418
圣诞假期开始,5,18,226.41641845817716
圣诞假期开始,5,19,335.0507628185236
圣诞假期开始,6,0,28.79434822781215
圣诞假期开始,6,1,73.79407601580928
圣诞假期开始,6,2,115.22580863817674
圣诞假期开始,6,3,591.4318457281091
圣诞假期开始,6,4,566.1456785670849
圣诞假期开始,6,5,631.9363489720149
圣诞假期开始,6,6,1368.7842561366238
圣诞假期开始,6,7,830.0138450243707
圣诞假期开始,6,8,121.62006756156042
圣诞假期开始,6,9,333.4369216954364
圣诞假期开始,6,10,815.4574519531836
圣诞假期开始,6,11,668.3207313710866
圣诞假期开始,6,12,392.70506616527354
圣诞假期开始,6,13,369.9553321631405
圣诞假期开始,6,14,207.13616377431222
圣诞假期开始,6,15,272.4645146542592
圣诞假期开始,6,16,669.123982916993
圣诞假期开始,6,17,486.9550393920509
圣诞假期开始,6,18,327.7797790933401
圣诞假期开始,6,19,470.3070055470656
圣诞假期开始,7,0,33.82987451943899
圣诞假期开始,7,1,103.18665091616968
圣诞假期开始,7,2,154.4579239582463
圣诞假期开始,7,3,259.77842968003034
圣诞假期开始,7,4,544.2781188078101
圣诞假期开始,7,5,1316.6080220996728
圣诞假期开始,7,6,1376.9994951900853
圣诞假期开始,7,7,865.6831366830668
圣诞假期开始,7,8,635.8559462362917
圣诞假期开始,7,9,1362.3846483140533
圣诞假期开始,7,10,1225.96756695381
圣诞假期开始,7,11,1671.3367779544303
圣诞假期开始,7,12,1218.2713805592828
圣诞假期开始,7,13,987.8699852454378
圣诞假期开始,7,14,1021.8291651465121
圣诞假期开始,7,15,708.7466541465776
圣诞假期开始,7,16,535.6550608868919
圣诞假期开始,7,17,347.4132202861849
圣诞假期开始,7,18,236.0867137700148
圣诞假期开始,7,19,338.76533408383676
圣诞假期开始,8,0,63.831606002412414
圣诞假期开始,8,1,107.73667390114298
圣诞假期开始,8,2,173.45715474785493
圣诞假期开始,8,3,258.9718119800142
圣诞假期开始,8,4,491.5442713385921
圣诞假期开始,8,5,1381.6954972640608
圣诞假期开始,8,6,771.2941567071815
圣诞假期开始,8,7,831.0913940320094
圣诞假期开始,8,8,1529.0405529368925
圣诞假期开始,8,9,1746.8567236134425
圣诞假期开始,8,10,1738.2283619468813
圣诞假期开始,8,11,2101.8458242493307
圣诞假期开始,8,12,2413.522094164625
圣诞假期开始,8,13,1933.6588333113339
圣诞假期开始,8,14,455.2239877176504
圣诞假期开始,8,15,927.7027536456351
圣诞假期开始,8,16,579.5138247688079
圣诞假期开始,8,17,224.56914702011022
圣诞假期开始,8,18,198.5146109977332
圣诞假期开始,8,19,224.80836182183276
圣诞假期开始,9,0,36.24118446588123
圣诞假期开始,9,1,132.52649810942864
圣诞假期开始,9,2,161.8976292026192
圣诞假期开始,9,3,271.1078858594366
圣诞假期开始,9,4,673.2141104044214
圣诞假期开始,9,5,901.5419913106178
圣诞假期开始,9,6,602.3578126959391
圣诞假期开始,9,7,1093.6386299586686
圣诞假期开始,9,8,1874.4733080419091
圣诞假期开始,9,9,2667.755351118857
圣诞假期开始,9,10,2908.1645587906683
圣诞假期开始,9,11,3448.251787697289
圣诞假期开始,9,12,2798.8692618262903
圣诞假期开始,9,13,1777.639601200079
圣诞假期开始,9,14,824.9582770391911
圣诞假期开始,9,15,751.8694065131818
圣诞假期开始,9,16,419.15277946177014
圣诞假期开始,9,17,392.9945339367971
圣诞假期开始,9,18,329.8576914999395
圣诞假期开始,9,19,126.13156719931982
圣诞假期开始,10,0,61.29540711926826
圣诞假期开始,10,1,20.261370566359
圣诞假期开始,10,2,176.62547510209583
圣诞假期开始,10,3,454.8672987876496
圣诞假期开始,10,4,579.0743349893107
圣诞假期开始,10,5,699.8757275484187
圣诞假期开始,10,6,710.9237209336798
圣诞假期开始,10,7,611.6064001297128
圣诞假期开始,10,8,1897.0456372481242
圣诞假期开始,10,9,2705.075408738377
圣诞假期开始,10,10,2829.4233642776003
圣诞假期开始,10,11,2587.298918276154
圣诞假期开始,10,12,2498.6778652490952
圣诞假期开始,10,13,2902.9768126307167
圣诞假期开始,10,14,2155.8286739997666
圣诞假期开始,10,15,521.1428917284925
圣诞假期开始,10,16,227.76006571170612
圣诞假期开始,10,17,348.45347721569647
圣诞假期开始,10,18,252.53610820289884
圣诞假期开始,10,19,350.68404355081867
圣诞假期开始,11,0,142.87528057693913
圣诞假期开始,11,1,84.92547300040414
圣诞假期开始,11,2,147.59297027565881
圣诞假期开始,11,3,218.50934056950823
圣诞假期开始,11,4,271.3413414339848
圣诞假期开始,11,5,329.90444535149277
圣诞假期开始,11,6,303.87289296192614
圣诞假期开始,11,7,522.8112146964835
圣诞假期开始,11,8,1225.5232173897475
圣诞假期开始,11,9,1765.9835322563279
圣诞假期开始,11,10,2891.8008755337946
圣诞假期开始,11,11,2890.968686541838
圣诞假期开始,11,12,2224.8468757455016
圣诞假期开始,11,13,2917.425803033557
圣诞假期开始,11,14,1371.3159478710434
圣诞假期开始,11,15,686.90517177022
圣诞假期开始,11,16,274.57824236459726
圣诞假期开始,11,17,271.35070696247027
圣诞假期开始,11,18,243.93084250489048
圣诞假期开始,11,19,420.7380919268609
圣诞假期开始,12,0,357.1926334621849
圣诞假期开始,12,1,267.64064143864874
圣诞假期开始,12,2,263.26432652143643
圣诞假期开始,12,3,540.4619356072645
圣诞假期开始,12,4,174.26528776365237
圣诞假期开始,12,5,180.45613085055018
圣诞假期开始,12,6,362.83429270102647
圣诞假期开始,12,7,640.6401794622382
圣诞假期开始,12,8,859.0826992436843
圣诞假期开始,12,9,2459.1407353891927
圣诞假期开始,12,10,2285.9845612683444
圣诞假期开始,12,11,2312.443265500819
圣诞假期开始,12,12,2432.7361162585266
圣诞假期开始,12,13,2512.3814912076705
圣诞假期开始,12,14,2525.3670715064727
圣诞假期开始,12,15,945.7364150884072
圣诞假期开始,12,16,454.21906167039555
圣诞假期开始,12,17,420.27708770906924
圣诞假期开始,12,18,499.8163316259256
圣诞假期开始,12,19,576.6384510602494
圣诞假期开始,13,0,275.8127043528821
圣诞假期开始,13,1,298.4374924912693
圣诞假期开始,13,2,219.51288001790854
圣诞假期开始,13,3,188.78736810121308
圣诞假期开始,13,4,241.8837938496185
圣诞假期开始,13,5,396.3884920202157
圣诞假期开始,13,6,716.5784422485958
圣诞假期开始,13,7,717.751299640765
圣诞假期开始,13,8,778.3390195936927
圣诞假期开始,13,9,1914.4590583191004
圣诞假期开始,13,10,1442.438862535815
圣诞假期开始,13,11,1845.4999387541056
圣诞假期开始,13,12,2082.0658649290644
圣诞假期开始,13,13,1243.1669476872144
圣诞假期开始,13,14,2015.6039497889105
圣诞假期开始,13,15,813.7439126283447
圣诞假期开始,13,16,538.4717926038055
圣诞假期开始,13,17,488.89132788035937
圣诞假期开始,13,18,837.7807467468119
圣诞假期开始,13,19,404.03613689118157
圣诞假期开始,14,0,353.18503331310694
圣诞假期开始,14,1,373.8931551859969
圣诞假期开始,14,2,244.81236082211055
圣诞假期开始,14,3,399.7790473877841
圣诞假期开始,14,4,667.9382480795153
圣诞假期开始,14,5,711.7713895586231
圣诞假期开始,14,6,369.4435513182771
圣诞假期开始,14,7,756.9822245157263
圣诞假期开始,14,8,1356.6666711363393
圣诞假期开始,14,9,636.8169298399233
圣诞假期开始,14,10,826.0602643106625
圣诞假期开始,14,11,1153.6879144664385
圣诞假期开始,14,12,1721.574698220164
圣诞假期开始,14,13,858.9421180514801
圣诞假期开始,14,14,1280.2833412868233
圣诞假期开始,14,15,746.3943526565895
圣诞假期开始,14,16,552.6426212705453
圣诞假期开始,14,17,647.4858787160679
圣诞假期开始,14,18,822.7005871261894
圣诞假期开始,14,19,461.07122559476045
圣诞假期开始,15,0,307.97866650758726
圣诞假期开始,15,1,430.4666670058128
圣诞假期开始,15,2,438.19788034670495
圣诞假期开始,15,3,398.52833214392297
圣诞假期开始,15,4,236.50945636914182
圣诞假期开始,15,5,274.5359831891315
圣诞假期开始,15,6,415.98443962151055
圣诞假期开始,15,7,577.9852785647959
圣诞假期开始,15,8,1194.8277372634254
圣诞假期开始,15,9,977.2575377770897
圣诞假期开始,15,10,1272.811169284148
圣诞假期开始,15,11,796.6887899286896
圣诞假期开始,15,12,851.1400169317343
圣诞假期开始,15,13,1063.464763116087
圣诞假期开始,15,14,777.0057820530313
圣诞假期开始,15,15,522.4043106876019
圣诞假期开始,15,16,577.8274246589449
圣诞假期开始,15,17,892.329851526109
圣诞假期开始,15,18,903.5067000337339
圣诞假期开始,15,19,305.70228416516244
圣诞假期开始,16,0,370.61264715844374
圣诞假期开始,16,1,543.0735405488447
圣诞假期开始,16,2,787.7192319965859
圣诞假期开始,16,3,408.9200409161909
圣诞假期开始,16,4,395.32084913611544
圣诞假期开始,16,5,158.57592322652133
圣诞假期开始,16,6,630.0224799766415
圣诞假期开始,16,7,614.9825404890242
圣诞假期开始,16,8,810.5047006421743
圣诞假期开始,16,9,604.5179277512584
圣诞假期开始,16,10,835.1354180599122
圣诞假期开始,16,11,750.9880962250063
圣诞假期开始,16,12,736.028103458637
圣诞假期开始,16,13,1303.3988886812874
圣诞假期开始,16,14,1911.1385093670115
圣诞假期开始,16,15,1307.7267513942784
圣诞假期开始,16,16,799.4963055197902
圣诞假期开始,16,17,1174.2802531147297
圣诞假期开始,16,18,848.8547155338464
圣诞假期开始,16,19,394.4448977715921
圣诞假期开始,17,0,523.3274132428427
圣诞假期开始,17,1,417.79027198428344
圣诞假期开始,17,2,469.178961463216
圣诞假期开始,17,3,483.6112177976924
圣诞假期开始,17,4,457.54795238286033
圣诞假期开始,17,5,289.00351949290564
圣诞假期开始,17,6,888.4350641360904
圣诞假期开始,17,7,841.7398809375019
圣诞假期开始,17,8,582.429698909672
圣诞假期开始,17,9,479.8607528898028
圣诞假期开始,17,10,942.8937241084934
圣诞假期开始,17,11,1277.9370906037732
圣诞假期开始,17,12,1370.9927739655343
圣诞假期开始,17,13,807.9638274079983
圣诞假期开始,17,14,1765.6186206817881
圣诞假期开始,17,15,795.201988685684
圣诞假期开始,17,16,534.4726393522825
圣诞假期开始,17,17,831.2206196397659
圣诞假期开始,17,18,843.4454563567053
圣诞假期开始,17,19,682.4615848577248
圣诞假期开始,18,0,523.5516482981129
圣诞假期开始,18,1,268.56689908489807
圣诞假期开始,18,2,220.95002491613536
圣诞假期开始,18,3,363.58125721206756
圣诞假期开始,18,4,458.3394544669741
圣诞假期开始,18,5,302.9099277750226
圣诞假期开始,18,6,289.54036729143206
圣诞假期开始,18,7,393.76777870066
圣诞假期开始,18,8,331.18553989622205
圣诞假期开始,18,9,397.72027147642876
圣诞假期开始,18,10,599.9225767398549
圣诞假期开始,18,11,1101.459814357102
圣诞假期开始,18,12,807.0789457718639
圣诞假期开始,18,13,1695.5239657380196
圣诞假期开始,18,14,1334.5808339302025
圣诞假期开始,18,15,924.2420556635393
圣诞假期开始,18,16,959.7773336445231
圣诞假期开始,18,17,678.5606095501512
圣诞假期开始,18,18,724.3313722562558
圣诞假期开始,18,19,946.0997320906905
圣诞假期开始,19,0,227.02398836773273
圣诞假期开始,19,1,100.78351688337452
圣诞假期开始,19,2,137.01977174407932
圣诞假期开始,19,3,281.05815567532426
圣诞假期开始,19,4,392.8807111336072
圣诞假期开始,19,5,268.65990563713905
圣诞假期开始,19,6,103.20082848486777
圣诞假期开始,19,7,147.79117398465812
圣诞假期开始,19,8,328.19241953523294
圣诞假期开始,19,9,461.12466978657443
圣诞假期开始,19,10,598.3272913431604
圣诞假期开始,19,11,757.8723417593607
圣诞假期开始,19,12,609.642167276927
圣诞假期开始,19,13,986.1205240754322
圣诞假期开始,19,14,807.9582019534538
圣诞假期开始,19,15,729.3310747255226
圣诞假期开始,19,16,899.6165305010387
圣诞假期开始,19,17,695.6351412571704
圣诞假期开始,19,18,501.8804929023538
圣诞假期开始,19,19,612.0783805545865
平安夜,0,0,78.97836981025901
平安夜,0,1,87.52510056928308
平安夜,0,2,39.64785216400791
平安夜,0,3,28.697008924792456
平安夜,0,4,43.1169375697052
平安夜,0,5,56.10174311490097
平安夜,0,6,59.686094629197385
平安夜,0,7,92.10454677714296
平安夜,0,8,172.08055710110474
平安夜,0,9,347.24320938113107
平安夜,0,10,193.7656692205545
平安夜,0,11,148.15456648651687
平安夜,0,12,114.03921188278565
平安夜,0,13,187.8144585939842
平安夜,0,14,97.56940513727773
平安夜,0,15,82.97324090809909
平安夜,0,16,30.762586807466754
平安夜,0,17,26.10053358399699
平安夜,0,18,27.938787230428666
平安夜,0,19,44.5386304265566
平安夜,1,0,52.46931643527962
平安夜,1,1,49.032784060496105
平安夜,1,2,44.24656247505378
平安夜,1,3,45.35065605211986
平安夜,1,4,59.30990737665806
平安夜,1,5,59.01712857872126
平安夜,1,6,69.46812139590574
平安夜,1,7,148.3744569700416
平安夜,1,8,174.88302179612043
平安夜,1,9,441.0225048971141
平安夜,1,10,332.8649737392868
平安夜,1,11,241.10957230484695
平安夜,1,12,274.1279457288877
平安夜,1,13,318.76706180035114
平安夜,1,14,106.00624040640051
平安夜,1,15,80.73287530860141
平安夜,1,16,32.46518046611758
平安夜,1,17,26.098308537736596
平安夜,1,18,45.465105626125585
平安夜,1,19,67.67589093226586
平安夜,2,0,45.585419306560325
平安夜,2,1,36.94903183848974
平安夜,2,2,50.33207763835899
平安夜,2,3,44.49556537101616
平安夜,2,4,43.49742690833193
平安夜,2,5,42.45690931838926
平安夜,2,6,80.10756709800165
平安夜,2,7,196.2781760825288
平安夜,2,8,157.3157873430268
平安夜,2,9,910.6748580138328
平安夜,2,10,549.6477812373133
平安夜,2,11,271.05770055308693
平安夜,2,12,272.0723584383062
平安夜,2,13,274.0537061491307
平安夜,2,14,124.93405397740455
平安夜,2,15,80.7990462256712
平安夜,2,16,63.50215591333921
平安夜,2,17,59.70545356663145
平安夜,2,18,96.56665604049596
平安夜,2,19,213.56031733363696
平安夜,3,0,38.3363682392409
平安夜,3,1,63.59196765179003
平安夜,3,2,97.19632818446081
平安夜,3,3,72.18007679071711
平安夜,3,4,56.735479639773075
平安夜,3,5,62.63541713800484
平安夜,3,6,62.42693535099647
平安夜,3,7,70.72220432385139
平安夜,3,8,125.83881155143145
平安夜,3,9,308.793965012403
平安夜,3,10,628.1176439822675
平安夜,3,11,289.8877437623496
平安夜,3,12,81.04866765885892
平安夜,3,13,181.3964491364754
平安夜,3,14,155.04611194472184
平安夜,3,15,122.74542324204461
平安夜,3,16,151.44024233876172
平安夜,3,17,335.44964443844486
平安夜,3,18,229.42502762109805
平安夜,3,19,232.2309480256149
平安夜,4,0,43.26432307067968
平安夜,4,1,111.82140990263981
平安夜,4,2,117.5322085871154
平安夜,4,3,118.82611445265691
平安夜,4,4,84.60643290410935
平安夜,4,5,56.864306288307866
平安夜,4,6,103.09978475717276
平安夜,4,7,473.5855715794051
平安夜,4,8,310.2517585398016
平安夜,4,9,272.28772887815313
平安夜,4,10,466.5352808037663
平安夜,4,11,149.29260983944954
平安夜,4,12,171.22557696703655
平安夜,4,13,140.77801057060742
平安夜,4,14,133.85275579313196
平安夜,4,15,81.71885084700871
平安夜,4,16,287.54411845171416
平安夜,4,17,500.5337762199532
平安夜,4,18,209.07062573071985
平安夜,4,19,113.57348834445183
平安夜,5,0,62.627589641937156
平安夜,5,1,85.65608510198422
平安夜,5,2,124.71018122461163
平安夜,5,3,178.15045990310432
平安夜,5,4,143.57915881346707
平安夜,5,5,180.297328695994
平安夜,5,6,419.81711117328774
平安夜,5,7,402.79284329598033
平安夜,5,8,160.76992739382203
平安夜,5,9,131.57467333733052
平安夜,5,10,607.833887466246
平安夜,5,11,310.506732941033
平安夜,5,12,232.12663292927738
平安夜,5,13,211.74549661093909
平安夜,5,14,78.10093498507143
平安夜,5,15,126.04763122703801
平安夜,5,16,359.80512513805064
平安夜,5,17,424.32178106097274
平安夜,5,18,177.93300106592042
平安夜,5,19,171.3654993408666
平安夜,6,0,18.5958260618365
平安夜,6,1,70.21145255841057
平安夜,6,2,117.54510119181492
平安夜,6,3,519.0563974412031
平安夜,6,4,465.5112051932721
平安夜,6,5,411.22795928685434
平安夜,6,6,663.0446227592639
平安夜,6,7,420.34623843233425
平安夜,6,8,93.19400288326312
平安夜,6,9,234.8672668962648
平安夜,6,10,564.6445364577431
平安夜,6,11,386.34460373651183
平安夜,6,12,318.11048690875316
平安夜,6,13,307.6438224140514
平安夜,6,14,124.1057668151939
平安夜,6,15,167.45917791803947
平安夜,6,16,538.3012215278684
平安夜,6,17,336.5825354134251
平安夜,6,18,175.19798995643458
平安夜,6,19,196.84435641728604
平安夜,7,0,22.53265344953128
平安夜,7,1,82.18275318602083
平安夜,7,2,133.97573047613724
平安夜,7,3,251.37973543077388
平安夜,7,4,382.3748968174362
平安夜,7,5,748.9064090485804
平安夜,7,6,762.7053283150005
平安夜,7,7,494.76282712513023
平安夜,7,8,420.13070424376446
平安夜,7,9,1188.1797900739323
平安夜,7,10,887.9091792045116
平安夜,7,11,916.5603057195449
平安夜,7,12,922.8778419038171
平安夜,7,13,679.9507699990272
平安夜,7,14,593.7137121785476
平安夜,7,15,407.438720154342
平安夜,7,16,314.9971794701417
平安夜,7,17,133.8546111018117
平安夜,7,18,132.72726829445128
平安夜,7,19,198.60892007715077
平安夜,8,0,52.07978715085927
平安夜,8,1,84.25289391146497
平安夜,8,2,115.53969836264382
平安夜,8,3,195.9954581577533
平安夜,8,4,391.3121593434922
平安夜,8,5,825.2194750032959
平安夜,8,6,482.0775993524478
平安夜,8,7,592.7010776060539
平安夜,8,8,1011.0980193321311
平安夜,8,9,1063.4394956932156
平安夜,8,10,988.2312900421256
平安夜,8,11,1215.6113562651553
平安夜,8,12,1036.9635551274202
平安夜,8,13,1188.317129646621
平安夜,8,14,351.4393658377945
平安夜,8,15,572.6675144914623
平安夜,8,16,341.0123132232889
平安夜,8,17,112.4858782709842
平安夜,8,18,117.48284791481629
平安夜,8,19,147.1524632783109
平安夜,9,0,29.410826249402387
平安夜,9,1,82.91225890138958
平安夜,9,2,82.86647481184912
平安夜,9,3,161.94923814410888
平安夜,9,4,618.5970993098314
平安夜,9,5,730.8272775799892
平安夜,9,6,531.0842724929747
平安夜,9,7,807.2510474892953
平安夜,9,8,1281.3455459734678
平安夜,9,9,1764.416745969161
平安夜,9,10,1899.8947242178351
平安夜,9,11,1625.8005455009022
平安夜,9,12,1538.1560057273507
平安夜,9,13,1462.1834251455691
平安夜,9,14,448.81284162853774
平安夜,9,15,527.4317238771398
平安夜,9,16,231.43720528025693
平安夜,9,17,251.96030739482535
平安夜,9,18,216.24481521308363
平安夜,9,19,85.92028738097773
平安夜,10,0,46.566238686530276
平安夜,10,1,15.201086723762822
平安夜,10,2,149.58395992633345
平安夜,10,3,297.84704857579766
平安夜,10,4,494.77153413060194
平安夜,10,5,521.6356437055534
平安夜,10,6,497.1872597985256
平安夜,10,7,412.9007317371178
平安夜,10,8,1489.1550716815725
平安夜,10,9,2145.737132247329
平安夜,10,10,1584.7544270665999
平安夜,10,11,1371.7449685314355
平安夜,10,12,1387.5426261155874
平安夜,10,13,1847.0202508330199
平安夜,10,14,1279.6194527933383
平安夜,10,15,359.2839216856735
平安夜,10,16,112.47933487981615
平安夜,10,17,279.2570271348211
平安夜,10,18,201.2896601010379
平安夜,10,19,228.85966671790337
平安夜,11,0,96.94756922705908
平安夜,11,1,92.68691608736131
平安夜,11,2,170.03964981274103
平安夜,11,3,191.0154780436896
平安夜,11,4,219.70309210116315
平安夜,11,5,299.1362814688269
平安夜,11,6,206.4995679118749
平安夜,11,7,410.1465109493394
平安夜,11,8,1112.8122237729265
平安夜,11,9,1195.1194225251493
平安夜,11,10,2039.1959590597103
平安夜,11,11,1935.9513134435101
平安夜,11,12,1263.4674105849926
平安夜,11,13,2014.5307225662682
平安夜,11,14,900.4632445644487
平安夜,11,15,398.92355135958246
平安夜,11,16,189.86986588797558
平安夜,11,17,205.06578740636797
平安夜,11,18,133.04354834290456
平安夜,11,19,178.38618195126213
平安夜,12,0,210.1092160946408
平安夜,12,1,208.28257453891544
平安夜,12,2,184.71980872167663
平安夜,12,3,257.8835533434611
平安夜,12,4,136.2562724330571
平安夜,12,5,170.47065247467108
平安夜,12,6,290.7554593128407
平安夜,12,7,504.9671092098629
平安夜,12,8,661.6154240071597
平安夜,12,9,1666.7343631191268
平安夜,12,10,1440.1591343411026
平安夜,12,11,1425.6758794552968
平安夜,12,12,1470.0436667285414
平安夜,12,13,1870.9143036148198
平安夜,12,14,1540.5537296394562
平安夜,12,15,702.7999392269961
平安夜,12,16,267.57001731334253
平安夜,12,17,258.84628826946965
平安夜,12,18,274.6039575896209
平安夜,12,19,293.2035422518232
平安夜,13,0,200.4023883804325
平安夜,13,1,220.5604846387167
平安夜,13,2,119.11532981255242
平安夜,13,3,102.16688352322002
平安夜,13,4,132.72744266434302
平安夜,13,5,256.24939299119114
平安夜,13,6,468.88750394496464
平安夜,13,7,488.64068891187577
平安夜,13,8,559.369131181273
平安夜,13,9,1003.3362288066072
平安夜,13,10,1033.991496560634
平安夜,13,11,1413.866055414782
平安夜,13,12,1423.2030054874965
平安夜,13,13,960.001584173087
平安夜,13,14,1282.4465308603549
平安夜,13,15,547.008889593022
平安夜,13,16,366.2026270713844
平安夜,13,17,319.6494848128809
平安夜,13,18,472.8458459227898
平安夜,13,19,179.41606692192772
平安夜,14,0,263.0827976615628
平安夜,14,1,251.48643338495597
平安夜,14,2,141.65875479992388
平安夜,14,3,278.5523213351982
平安夜,14,4,449.12375624268105
平安夜,14,5,476.7009940592919
平安夜,14,6,284.0466421558793
平安夜,14,7,516.0542992285422
平安夜,14,8,840.235170057121
平安夜,14,9,440.2023016519935
平安夜,14,10,564.0688969727277
平安夜,14,11,944.49068778439
平安夜,14,12,1361.2218680368965
平安夜,14,13,604.1100354309503
平安夜,14,14,817.8320748140806
平安夜,14,15,553.681320280258
平安夜,14,16,396.1808239585018
平安夜,14,17,417.0078908735996
平安夜,14,18,422.38583439123613
平安夜,14,19,159.55980407867457
平安夜,15,0,274.46147597619967
平安夜,15,1,412.69287831116003
平安夜,15,2,307.94234380042786
平安夜,15,3,266.5827039855294
平安夜,15,4,185.79368841317915
平安夜,15,5,149.60199198660436
平安夜,15,6,273.3883990176191
平安夜,15,7,584.8428882842363
平安夜,15,8,1008.7583025485379
平安夜,15,9,610.3852631674756
平安夜,15,10,874.1369258653408
平安夜,15,11,642.9892631300778
平安夜,15,12,622.7608439547447
平安夜,15,13,589.9271818392152
平安夜,15,14,498.1018823906112
平安夜,15,15,427.35276418831614
平安夜,15,16,432.4765210749058
平安夜,15,17,665.1464935559926
平安夜,15,18,684.9739451783199
平安夜,15,19,198.2630735972282
平安夜,16,0,364.93745882480107
平安夜,16,1,534.0831775674845
平安夜,16,2,658.1644270892315
平安夜,16,3,285.1761837791764
平安夜,16,4,295.0261319153042
平安夜,16,5,121.93294518810654
平安夜,16,6,465.5618923890707
平安夜,16,7,503.0375716888938
平安夜,16,8,671.7672767076924
平安夜,16,9,498.58325198264794
平安夜,16,10,617.8554448524201
平安夜,16,11,634.2669161083702
平安夜,16,12,527.8018787869428
平安夜,16,13,605.6500392123155
平安夜,16,14,1294.088803882735
平安夜,16,15,926.6164490960788
平安夜,16,16,538.9600032089434
平安夜,16,17,846.483181152571
平安夜,16,18,576.202006232104
平安夜,16,19,292.0463188578421
平安夜,17,0,279.8119019163149
平安夜,17,1,341.8750160703499
平安夜,17,2,448.97999701376153
平安夜,17,3,343.63309235629623
平安夜,17,4,347.0696088072662
平安夜,17,5,312.6496817939011
平安夜,17,6,612.4737243085167
平安夜,17,7,523.9584099513861
平安夜,17,8,458.7494017118391
平安夜,17,9,377.64903340375315
平安夜,17,10,864.3548016290827
平安夜,17,11,955.1132990966353
平安夜,17,12,1024.8588128955482
平安夜,17,13,509.8151268088114
平安夜,17,14,1471.5240627181997
平安夜,17,15,563.066164578642
平安夜,17,16,356.0775144783818
平安夜,17,17,640.7236367340487
平安夜,17,18,479.3154238322512
平安夜,17,19,453.4847107850957
平安夜,18,0,290.87750742567533
平安夜,18,1,169.6532546393755
平安夜,18,2,187.60014509901603
平安夜,18,3,262.88983956474766
平安夜,18,4,335.7635577553456
平安夜,18,5,308.52559502567345
平安夜,18,6,255.8660097835223
平安夜,18,7,249.76272031248934
平安夜,18,8,243.31610574796997
平安夜,18,9,283.49278402831135
平安夜,18,10,408.52942389837466
平安夜,18,11,797.5046763425757
平安夜,18,12,754.057854785913
平安夜,18,13,1257.966760272147
平安夜,18,14,828.7494718929593
平安夜,18,15,436.62096155632435
平安夜,18,16,469.5571615592513
平安夜,18,17,502.60406413345083
平安夜,18,18,489.01833001125726
平安夜,18,19,555.7171848402619
平安夜,19,0,161.24281284532532
平安夜,19,1,69.98627515383626
平安夜,19,2,89.09182796370325
平安夜,19,3,215.31243630372973
平安夜,19,4,260.612635365703
平安夜,19,5,152.72037688680481
平安夜,19,6,75.96847096342216
平安夜,19,7,97.18317330618096
平安夜,19,8,205.88394647357083
平安夜,19,9,360.3810081503989
平安夜,19,10,379.75864097239014
平安夜,19,11,592.3058336006005
平安夜,19,12,583.6892379055436
平安夜,19,13,787.0722172848938
平安夜,19,14,468.68291276336987
平安夜,19,15,431.5787021007827
平安夜,19,16,705.3403091295864
平安夜,19,17,470.36766157873365
平安夜,19,18,366.2830243774286
平安夜,19,19,383.1325485828388
新年夜(12月30日),0,0,118.06517417918616
新年夜(12月30日),0,1,128.72921614519163
新年夜(12月30日),0,2,34.62248704422332
新年夜(12月30日),0,3,36.57144374849296
新年夜(12月30日),0,4,48.23174181020164
新年夜(12月30日),0,5,57.834144851414734
新年夜(12月30日),0,6,61.4767857186507
新年夜(12月30日),0,7,92.93003471294398
新年夜(12月30日),0,8,159.01480430331776
新年夜(12月30日),0,9,276.1644168722627
新年夜(12月30日),0,10,149.95973830830127
新年夜(12月30日),0,11,103.90438080763903
新年夜(12月30日),0,12,113.3732485514922
新年夜(12月30日),0,13,167.6787946301041
新年夜(12月30日),0,14,126.85607282521096
新年夜(12月30日),0,15,112.03435445261587
新年夜(12月30日),0,16,44.046343099283696
新年夜(12月30日),0,17,51.58423782755635
新年夜(12月30日),0,18,40.74006786980841
新年夜(12月30日),0,19,43.34169653814015
新年夜(12月30日),1,0,44.622680949287044
新年夜(12月30日),1,1,40.73247958632857
新年夜(12月30日),1,2,38.00249683428808
新年夜(12月30日),1,3,39.15774092787799
新年夜(12月30日),1,4,57.88257689182166
新年夜(12月30日),1,5,58.40129009979665
新年夜(12月30日),1,6,67.4687743868526
新年夜(12月30日),1,7,136.90372976289265
新年夜(12月30日),1,8,151.86836807563301
新年夜(12月30日),1,9,573.0374073676624
新年夜(12月30日),1,10,477.6304905926933
新年夜(12月30日),1,11,274.6872564222593
新年夜(12月30日),1,12,335.7380977119282
新年夜(12月30日),1,13,295.42189214823003
新年夜(12月30日),1,14,134.4078025476569
新年夜(12月30日),1,15,90.82618416264475
新年夜(12月30日),1,16,81.54624800190236
新年夜(12月30日),1,17,47.57393870626573
新年夜(12月30日),1,18,62.18796892141897
新年夜(12月30日),1,19,99.03793943020298
新年夜(12月30日),2,0,43.93251030249958
新年夜(12月30日),2,1,36.328793499788105
新年夜(12月30日),2,2,51.24551769884266
新年夜(12月30日),2,3,46.13396833980798
新年夜(12月30日),2,4,44.4419063909779
新年夜(12月30日),2,5,42.78653177717021
新年夜(12月30日),2,6,81.0534665027809
新年夜(12月30日),2,7,158.0195291180617
新年夜(12月30日),2,8,135.8042027961035
新年夜(12月30日),2,9,1058.5112412736464
新年夜(12月30日),2,10,758.961270960356
新年夜(12月30日),2,11,427.2071742881158
新年夜(12月30日),2,12,284.013040490247
新年夜(12月30日),2,13,301.1362867819553
新年夜(12月30日),2,14,130.32878117889192
新年夜(12月30日),2,15,76.79990425998537
新年夜(12月30日),2,16,105.85942464275851
新年夜(12月30日),2,17,129.98830962340088
新年夜(12月30日),2,18,132.56791944795017
新年夜(12月30日),2,19,313.5177150580295
新年夜(12月30日),3,0,38.87864059336594
新年夜(12月30日),3,1,67.81755041139625
新年夜(12月30日),3,2,110.69444285085356
新年夜(12月30日),3,3,89.49756916790838
新年夜(12月30日),3,4,64.68262887526572
新年夜(12月30日),3,5,71.60069404336825
新年夜(12月30日),3,6,69.49899686180193
新年夜(12月30日),3,7,70.95364248213706
新年夜(12月30日),3,8,93.69540329363673
新年夜(12月30日),3,9,265.55054333070655
新年夜(12月30日),3,10,774.6420462460361
新年夜(12月30日),3,11,481.72795067780896
新年夜(12月30日),3,12,58.7067214324428
新年夜(12月30日),3,13,234.62919786920602
新年夜(12月30日),3,14,177.86293179164252
新年夜(12月30日),3,15,128.4892121328309
新年夜(12月30日),3,16,242.64917599563998
新年夜(12月30日),3,17,393.19996505076284
新年夜(12月30日),3,18,351.2312577110135
新年夜(12月30日),3,19,300.46007857859126
新年夜(12月30日),4,0,46.316256784784954
新年夜(12月30日),4,1,121.09224100571801
新年夜(12月30日),4,2,130.3292372043371
新年夜(12月30日),4,3,131.08156415980747
新年夜(12月30日),4,4,98.24574775056651
新年夜(12月30日),4,5,65.88441374584895
新年夜(12月30日),4,6,124.65087536743293
新年夜(12月30日),4,7,566.915317008004
新年夜(12月30日),4,8,300.06152072269884
新年夜(12月30日),4,9,523.3882502233898
新年夜(12月30日),4,10,431.9154192795387
新年夜(12月30日),4,11,139.64265413342076
新年夜(12月30日),4,12,181.97360766263725
新年夜(12月30日),4,13,179.06768393667468
新年夜(12月30日),4,14,146.29665781391122
新年夜(12月30日),4,15,87.73950440796912
新年夜(12月30日),4,16,373.04104324603793
新年夜(12月30日),4,17,491.03328941006606
新年夜(12月30日),4,18,314.135543876219
新年夜(12月30日),4,19,181.39423720845207
新年夜(12月30日),5,0,63.82120270764422
新年夜(12月30日),5,1,95.82200997896386
新年夜(12月30日),5,2,144.5255573390208
新年夜(12月30日),5,3,228.6545744287347
新年夜(12月30日),5,4,200.23892167446172
新年夜(12月30日),5,5,218.56305864970656
新年夜(12月30日),5,6,587.7502550021825
新年夜(12月30日),5,7,502.9650366955302
新年夜(12月30日),5,8,171.7476365411378
新年夜(12月30日),5,9,129.41446273838702
新年夜(12月30日),5,10,613.6958355067794
新年夜(12月30日),5,11,312.3474384303958
新年夜(12月30日),5,12,217.01351064330564
新年夜(12月30日),5,13,200.56602536554982
新年夜(12月30日),5,14,109.20779270758226
新年夜(12月30日),5,15,141.50848885010032
新年夜(12月30日),5,16,367.27599488146933
新年夜(12月30日),5,17,476.79291116468005
新年夜(12月30日),5,18,245.65283728755966
新年夜(12月30日),5,19,278.9189154010082
新年夜(12月30日),6,0,30.507634399031524
新年夜(12月30日),6,1,85.46889759195906
新年夜(12月30日),6,2,143.1818005244275
新年夜(12月30日),6,3,573.1941671111779
新年夜(12月30日),6,4,623.4159922557491
新年夜(12月30日),6,5,568.2325739717664
新年夜(12月30日),6,6,1017.7738098987566
新年夜(12月30日),6,7,832.270789043563
新年夜(12月30日),6,8,139.13862179675587
新年夜(12月30日),6,9,266.45516437229924
新年夜(12月30日),6,10,685.5093903035074
新年夜(12月30日),6,11,471.23691784226355
新年夜(12月30日),6,12,337.0548481198442
新年夜(12月30日),6,13,326.34356693532084
新年夜(12月30日),6,14,165.90604455463622
新年夜(12月30日),6,15,210.6067331700462
新年夜(12月30日),6,16,483.89276699940643
新年夜(12月30日),6,17,261.1638942397983
新年夜(12月30日),6,18,237.98923874489165
新年夜(12月30日),6,19,290.36460822139054
新年夜(12月30日),7,0,31.853166298570105
新年夜(12月30日),7,1,87.65215412504936
新年夜(12月30日),7,2,142.6815804486569
新年夜(12月30日),7,3,295.54918961668267
新年夜(12月30日),7,4,547.4134126977954
新年夜(12月30日),7,5,857.6169994266332
新年夜(12月30日),7,6,1046.8058183228152
新年夜(12月30日),7,7,857.1316452166085
新年夜(12月30日),7,8,540.9341130556489
新年夜(12月30日),7,9,1355.770354788009
新年夜(12月30日),7,10,1159.298072908284
新年夜(12月30日),7,11,1194.6110867390066
新年夜(12月30日),7,12,1190.94351695413
新年夜(12月30日),7,13,876.6340152503915
新年夜(12月30日),7,14,846.0094057133808
新年夜(12月30日),7,15,546.0929410559119
新年夜(12月30日),7,16,362.7251903619963
新年夜(12月30日),7,17,212.7231724326455
新年夜(12月30日),7,18,193.65354008999358
新年夜(12月30日),7,19,288.32200929415944
新年夜(12月30日),8,0,55.65310868714151
新年夜(12月30日),8,1,90.90540811339316
新年夜(12月30日),8,2,109.54034785398603
新年夜(12月30日),8,3,219.408339794142
新年夜(12月30日),8,4,479.41753986649826
新年夜(12月30日),8,5,1005.62455858834
新年夜(12月30日),8,6,527.3731492665821
新年夜(12月30日),8,7,662.1836498391046
新年夜(12月30日),8,8,1180.1235382050127
新年夜(12月30日),8,9,1374.1667808783532
新年夜(12月30日),8,10,1112.7417506751194
新年夜(12月30日),8,11,1472.2051502002876
新年夜(12月30日),8,12,1399.8308100590355
新年夜(12月30日),8,13,1333.4751609020377
新年夜(12月30日),8,14,343.29999717079454
新年夜(12月30日),8,15,689.4258706170652
新年夜(12月30日),8,16,399.6189250539334
新年夜(12月30日),8,17,149.14642812769398
新年夜(12月30日),8,18,166.32734967606234
新年夜(12月30日),8,19,175.0178473399613
新年夜(12月30日),9,0,29.641847989173392
新年夜(12月30日),9,1,80.81631170687234
新年夜(12月30日),9,2,86.38517775049877
新年夜(12月30日),9,3,167.85757809164872
新年夜(12月30日),9,4,586.2152000865334
新年夜(12月30日),9,5,1127.8843063358613
新年夜(12月30日),9,6,552.9019456175823
新年夜(12月30日),9,7,733.983815044078
新年夜(12月30日),9,8,1587.4968738937011
新年夜(12月30日),9,9,2194.31903958788
新年夜(12月30日),9,10,2412.8953645453553
新年夜(12月30日),9,11,2042.559739105999
新年夜(12月30日),9,12,1830.2838247850582
新年夜(12月30日),9,13,1512.1870188288472
新年夜(12月30日),9,14,670.7815658994308
新年夜(12月30日),9,15,633.9200473748535
新年夜(12月30日),9,16,278.83918525019783
新年夜(12月30日),9,17,320.2044315897394
新年夜(12月30日),9,18,268.2048020815
新年夜(12月30日),9,19,89.21698045292516
新年夜(12月30日),10,0,45.01436980918683
新年夜(12月30日),10,1,16.49061754393304
新年夜(12月30日),10,2,131.8163795407575
新年夜(12月30日),10,3,283.5148577394695
新年夜(12月30日),10,4,491.51427775267376
新年夜(12月30日),10,5,640.6044148995613
新年夜(12月30日),10,6,629.1787824091624
新年夜(12月30日),10,7,571.140966582757
新年夜(12月30日),10,8,1407.7239137948873
新年夜(12月30日),10,9,2027.2787025372254
新年夜(12月30日),10,10,1656.0788212680623
新年夜(12月30日),10,11,1689.9776509743858
新年夜(12月30日),10,12,1139.6516372688907
新年夜(12月30日),10,13,2097.191456991704
新年夜(12月30日),10,14,1439.9326895848185
新年夜(12月30日),10,15,442.8166320769657
新年夜(12月30日),10,16,174.9698423673042
新年夜(12月30日),10,17,311.96038104141513
新年夜(12月30日),10,18,181.84714247594047
新年夜(12月30日),10,19,249.89565447612665
新年夜(12月30日),11,0,116.42603139855885
新年夜(12月30日),11,1,63.776070448752485
新年夜(12月30日),11,2,129.69238811139297
新年夜(12月30日),11,3,195.50792527602238
新年夜(12月30日),11,4,222.04482326329483
新年夜(12月30日),11,5,325.1679377156547
新年夜(12月30日),11,6,297.5919108848633
新年夜(12月30日),11,7,410.88735310075424
新年夜(12月30日),11,8,1012.2563542743018
新年夜(12月30日),11,9,1180.3289145921447
新年夜(12月30日),11,10,1992.9064320467685
新年夜(12月30日),11,11,2116.5332425662896
新年夜(12月30日),11,12,1589.8235786218804
新年夜(12月30日),11,13,2063.1516634461423
新年夜(12月30日),11,14,1103.841411893141
新年夜(12月30日),11,15,630.1716526008286
新年夜(12月30日),11,16,250.03152273916152
新年夜(12月30日),11,17,219.13231327432212
新年夜(12月30日),11,18,151.47681080284895
新年夜(12月30日),11,19,207.20465005326383
新年夜(12月30日),12,0,262.910119049919
新年夜(12月30日),12,1,211.0027951895682
新年夜(12月30日),12,2,165.00158293162914
新年夜(12月30日),12,3,321.95176451546286
新年夜(12月30日),12,4,117.70277467270563
新年夜(12月30日),12,5,171.9146624051277
新年夜(12月30日),12,6,359.4080928209172
新年夜(12月30日),12,7,516.3397491037042
新年夜(12月30日),12,8,794.8349833548557
新年夜(12月30日),12,9,1920.2363449772954
新年夜(12月30日),12,10,1620.945028992351
新年夜(12月30日),12,11,1766.9948760442987
新年夜(12月30日),12,12,1830.850973312246
新年夜(12月30日),12,13,1993.9875960708787
新年夜(12月30日),12,14,1665.5050363163466
新年夜(12月30日),12,15,908.726987417109
新年夜(12月30日),12,16,365.6970318049926
新年夜(12月30日),12,17,302.6130340850881
新年夜(12月30日),12,18,429.97156161171415
新年夜(12月30日),12,19,438.4925013493441
新年夜(12月30日),13,0,227.85255029574833
新年夜(12月30日),13,1,235.4628603156974
新年夜(12月30日),13,2,132.71724794352428
新年夜(12月30日),13,3,110.72318175824067
新年夜(12月30日),13,4,157.71455323538058
新年夜(12月30日),13,5,322.4798346914799
新年夜(12月30日),13,6,570.0716360335038
新年夜(12月30日),13,7,682.9576020745559
新年夜(12月30日),13,8,741.3674454667025
新年夜(12月30日),13,9,1442.4783904806604
新年夜(12月30日),13,10,1248.0988859416912
新年夜(12月30日),13,11,1391.3279499163782
新年夜(12月30日),13,12,1738.4535905699868
新年夜(12月30日),13,13,1090.756357054576
新年夜(12月30日),13,14,1509.4765056437816
新年夜(12月30日),13,15,594.6172197325485
新年夜(12月30日),13,16,389.51196517384005
新年夜(12月30日),13,17,362.0714767285237
新年夜(12月30日),13,18,648.830744800763
新年夜(12月30日),13,19,324.46748948154135
新年夜(12月30日),14,0,290.57208491914355
新年夜(12月30日),14,1,268.22025300312873
新年夜(12月30日),14,2,180.96223437371924
新年夜(12月30日),14,3,289.74217994537025
新年夜(12月30日),14,4,486.6835457692058
新年夜(12月30日),14,5,641.5016278606034
新年夜(12月30日),14,6,313.18988233056814
新年夜(12月30日),14,7,625.5497600902862
新年夜(12月30日),14,8,1064.3483708146907
新年夜(12月30日),14,9,417.84121148142276
新年夜(12月30日),14,10,761.7862062263376
新年夜(12月30日),14,11,1209.3891194241876
新年夜(12月30日),14,12,1465.410978409162
新年夜(12月30日),14,13,704.5476245408862
新年夜(12月30日),14,14,1056.5669288657493
新年夜(12月30日),14,15,486.5087880191043
新年夜(12月30日),14,16,429.48074854909817
新年夜(12月30日),14,17,490.7155439618131
新年夜(12月30日),14,18,520.7128134263165
新年夜(12月30日),14,19,293.57626414853166
新年夜(12月30日),15,0,255.319938115556
新年夜(12月30日),15,1,363.6889594590865
新年夜(12月30日),15,2,367.32078293668667
新年夜(12月30日),15,3,308.4479114218149
新年夜(12月30日),15,4,167.11628532691017
新年夜(12月30日),15,5,184.21529479365088
新年夜(12月30日),15,6,294.26647793188175
新年夜(12月30日),15,7,675.8529710373809
新年夜(12月30日),15,8,687.7846642376402
新年夜(12月30日),15,9,724.8673342423558
新年夜(12月30日),15,10,1008.6526390682051
新年夜(12月30日),15,11,604.179176859203
新年夜(12月30日),15,12,627.4326150513193
新年夜(12月30日),15,13,701.0547330687971
新年夜(12月30日),15,14,591.041146727007
新年夜(12月30日),15,15,411.7879605694808
新年夜(12月30日),15,16,504.24019981713184
新年夜(12月30日),15,17,917.7342479821441
新年夜(12月30日),15,18,710.2413363791867
新年夜(12月30日),15,19,251.98972752979478
新年夜(12月30日),16,0,332.441854043634
新年夜(12月30日),16,1,434.3627818894846
新年夜(12月30日),16,2,669.1617161357949
新年夜(12月30日),16,3,443.0518481620104
新年夜(12月30日),16,4,319.2771849287807
新年夜(12月30日),16,5,153.10699451561362
新年夜(12月30日),16,6,484.83186035327736
新年夜(12月30日),16,7,499.9688251587769
新年夜(12月30日),16,8,619.7181021162395
新年夜(12月30日),16,9,484.68358071168365
新年夜(12月30日),16,10,688.9278616829768
新年夜(12月30日),16,11,545.876469689422
新年夜(12月30日),16,12,574.8725321839355
新年夜(12月30日),16,13,995.2417899495266
新年夜(12月30日),16,14,1578.7416727242692
新年夜(12月30日),16,15,1119.7446582879843
新年夜(12月30日),16,16,608.6130921162322
新年夜(12月30日),16,17,1146.3466482481012
新年夜(12月30日),16,18,656.6534008647551
新年夜(12月30日),16,19,272.929563079882
新年夜(12月30日),17,0,422.9652373235743
新年夜(12月30日),17,1,358.14425088022824
新年夜(12月30日),17,2,466.86676617696725
新年夜(12月30日),17,3,432.0140621810175
新年夜(12月30日),17,4,348.26723703746507
新年夜(12月30日),17,5,345.57796149817597
新年夜(12月30日),17,6,659.6676053065869
新年夜(12月30日),17,7,655.3817046808164
新年夜(12月30日),17,8,535.7056442538596
新年夜(12月30日),17,9,337.1942762584041
新年夜(12月30日),17,10,825.4700924769899
新年夜(12月30日),17,11,1136.0698565427442
新年夜(12月30日),17,12,1059.216810645701
新年夜(12月30日),17,13,726.9717263017732
新年夜(12月30日),17,14,1530.6104480295955
新年夜(12月30日),17,15,780.8431999223961
新年夜(12月30日),17,16,416.8114431235576
新年夜(12月30日),17,17,615.9433654584328
新年夜(12月30日),17,18,584.2294209337264
新年夜(12月30日),17,19,522.1863135713048
新年夜(12月30日),18,0,418.6965352382451
新年夜(12月30日),18,1,244.74195562530954
新年夜(12月30日),18,2,182.03349261634696
新年夜(12月30日),18,3,269.78840039539057
新年夜(12月30日),18,4,316.05850622294935
新年夜(12月30日),18,5,290.0994681313737
新年夜(12月30日),18,6,290.956641510168
新年夜(12月30日),18,7,390.2031950870028
新年夜(12月30日),18,8,295.4620278637339
新年夜(12月30日),18,9,376.2386557325758
新年夜(12月30日),18,10,615.4655180793425
新年夜(12月30日),18,11,1019.496365983991
新年夜(12月30日),18,12,798.4353006281567
新年夜(12月30日),18,13,1548.4036137361093
新年夜(12月30日),18,14,930.4258928035135
新年夜(12月30日),18,15,559.8220172133347
新年夜(12月30日),18,16,606.6823968284842
新年夜(12月30日),18,17,470.99546036766645
新年夜(12月30日),18,18,531.8519041660903
新年夜(12月30日),18,19,797.6173306637279
新年夜(12月30日),19,0,155.9760043925756
新年夜(12月30日),19,1,76.49254535351542
新年夜(12月30日),19,2,106.71363863577135
新年夜(12月30日),19,3,275.911121790769
新年夜(12月30日),19,4,391.25812846255315
新年夜(12月30日),19,5,238.3489894583416
新年夜(12月30日),19,6,99.33845982104216
新年夜(12月30日),19,7,133.33889813195407
新年夜(12月30日),19,8,303.9169554931848
新年夜(12月30日),19,9,426.8619501254789
新年夜(12月30日),19,10,613.2062316708942
新年夜(12月30日),19,11,626.4654761588915
新年夜(12月30日),19,12,505.0600905250614
新年夜(12月30日),19,13,750.2556968035219
新年夜(12月30日),19,14,714.157578043488
新年夜(12月30日),19,15,548.3337915410261
新年夜(12月30日),19,16,823.2652121925506
新年夜(12月30日),19,17,442.34987940774494
新年夜(12月30日),19,18,373.7431113472573
新年夜(12月30日),19,19,454.87844792729885
