grid_id,date_label,date,weekday,hour,traffic
0,普通工作日,2013-11-13,Wednesday,0,9.750135428033092
0,圣诞假期开始,2013-12-23,Monday,0,16.59616836443761
0,普通工作日,2013-11-13,Wednesday,1,6.086568258536135
0,圣诞假期开始,2013-12-23,Monday,1,11.316956709351798
0,普通工作日,2013-11-13,Wednesday,2,0.9933363081681612
0,圣诞假期开始,2013-12-23,Monday,2,3.0236514309632314
0,普通工作日,2013-11-13,Wednesday,3,1.2699012688853462
0,圣诞假期开始,2013-12-23,Monday,3,4.259259194556469
0,普通工作日,2013-11-13,Wednesday,4,3.288105023678596
0,圣诞假期开始,2013-12-23,Monday,4,5.720919583386948
0,普通工作日,2013-11-13,Wednesday,5,7.2254431594711495
0,圣诞假期开始,2013-12-23,Monday,5,4.5630939436863045
0,普通工作日,2013-11-13,Wednesday,6,12.909182478387303
0,圣诞假期开始,2013-12-23,Monday,6,20.409250008197624
0,普通工作日,2013-11-13,Wednesday,7,68.82132783404839
0,圣诞假期开始,2013-12-23,Monday,7,47.504253367540514
0,普通工作日,2013-11-13,Wednesday,8,96.7286387091761
0,圣诞假期开始,2013-12-23,Monday,8,119.36263834952605
0,普通工作日,2013-11-13,Wednesday,9,147.5040765717429
0,圣诞假期开始,2013-12-23,Monday,9,177.87587400982486
0,普通工作日,2013-11-13,Wednesday,10,162.32552073096505
0,圣诞假期开始,2013-12-23,Monday,10,210.82569447372734
0,普通工作日,2013-11-13,Wednesday,11,190.58245976874576
0,圣诞假期开始,2013-12-23,Monday,11,170.22033609220347
0,普通工作日,2013-11-13,Wednesday,12,118.00411267770467
0,圣诞假期开始,2013-12-23,Monday,12,176.20923525017093
0,普通工作日,2013-11-13,Wednesday,13,139.90306134735283
0,圣诞假期开始,2013-12-23,Monday,13,143.67283336081752
0,普通工作日,2013-11-13,Wednesday,14,146.42665334651463
0,圣诞假期开始,2013-12-23,Monday,14,173.53920069944206
0,普通工作日,2013-11-13,Wednesday,15,185.29250333746472
0,圣诞假期开始,2013-12-23,Monday,15,178.3783438715584
0,普通工作日,2013-11-13,Wednesday,16,167.64608603376075
0,圣诞假期开始,2013-12-23,Monday,16,184.3189734676324
0,普通工作日,2013-11-13,Wednesday,17,149.7510960566828
0,圣诞假期开始,2013-12-23,Monday,17,189.1633756880063
0,普通工作日,2013-11-13,Wednesday,18,176.71180917747472
0,圣诞假期开始,2013-12-23,Monday,18,224.69163740261462
0,普通工作日,2013-11-13,Wednesday,19,134.26104363388816
0,圣诞假期开始,2013-12-23,Monday,19,187.9391147829921
0,普通工作日,2013-11-13,Wednesday,20,110.02458804972723
0,圣诞假期开始,2013-12-23,Monday,20,148.24629317399263
0,普通工作日,2013-11-13,Wednesday,21,75.79542095397217
0,圣诞假期开始,2013-12-23,Monday,21,109.91237501946499
0,普通工作日,2013-11-13,Wednesday,22,46.76100323910215
0,圣诞假期开始,2013-12-23,Monday,22,35.417837058978144
0,普通工作日,2013-11-13,Wednesday,23,21.54779107587475
0,圣诞假期开始,2013-12-23,Monday,23,24.09466250404706
0,普通周末,2013-11-17,Sunday,0,22.3921298400593
0,平安夜,2013-12-24,Tuesday,0,15.863779158553
0,普通周末,2013-11-17,Sunday,1,12.81557607387986
0,平安夜,2013-12-24,Tuesday,1,9.436641686992354
0,普通周末,2013-11-17,Sunday,2,9.54409425144477
0,平安夜,2013-12-24,Tuesday,2,8.149447213531783
0,普通周末,2013-11-17,Sunday,3,7.970227338454243
0,平安夜,2013-12-24,Tuesday,3,6.595336463676515
0,普通周末,2013-11-17,Sunday,4,4.095286310530108
0,平安夜,2013-12-24,Tuesday,4,6.569134663284715
0,普通周末,2013-11-17,Sunday,5,5.2958855564960166
0,平安夜,2013-12-24,Tuesday,5,7.731830430126834
0,普通周末,2013-11-17,Sunday,6,6.000369362143615
0,平安夜,2013-12-24,Tuesday,6,10.154103398342954
0,普通周末,2013-11-17,Sunday,7,9.589788076995106
0,平安夜,2013-12-24,Tuesday,7,22.953006324800757
0,普通周末,2013-11-17,Sunday,8,27.855711047135312
0,平安夜,2013-12-24,Tuesday,8,71.45567179433894
0,普通周末,2013-11-17,Sunday,9,69.81109543029783
0,平安夜,2013-12-24,Tuesday,9,188.95137861181732
0,普通周末,2013-11-17,Sunday,10,124.44150123695752
0,平安夜,2013-12-24,Tuesday,10,191.60348844631486
0,普通周末,2013-11-17,Sunday,11,112.01356497978743
0,平安夜,2013-12-24,Tuesday,11,266.40989280192724
0,普通周末,2013-11-17,Sunday,12,96.84022158389241
0,平安夜,2013-12-24,Tuesday,12,164.5500562552251
0,普通周末,2013-11-17,Sunday,13,81.94984687522738
0,平安夜,2013-12-24,Tuesday,13,144.18204908168195
0,普通周末,2013-11-17,Sunday,14,85.7089920081363
0,平安夜,2013-12-24,Tuesday,14,116.05852110601387
0,普通周末,2013-11-17,Sunday,15,71.6110029180499
0,平安夜,2013-12-24,Tuesday,15,207.7383588109845
0,普通周末,2013-11-17,Sunday,16,83.61141318442921
0,平安夜,2013-12-24,Tuesday,16,193.2581334509145
0,普通周末,2013-11-17,Sunday,17,98.2253878341099
0,平安夜,2013-12-24,Tuesday,17,201.43462348737282
0,普通周末,2013-11-17,Sunday,18,95.48653076311594
0,平安夜,2013-12-24,Tuesday,18,190.76550716343996
0,普通周末,2013-11-17,Sunday,19,67.3542545411453
0,平安夜,2013-12-24,Tuesday,19,133.05321068420366
0,普通周末,2013-11-17,Sunday,20,58.897822722824415
0,平安夜,2013-12-24,Tuesday,20,78.97836981025901
0,普通周末,2013-11-17,Sunday,21,57.55609832313591
0,平安夜,2013-12-24,Tuesday,21,48.08013668291363
0,普通周末,2013-11-17,Sunday,22,38.99577491420698
0,平安夜,2013-12-24,Tuesday,22,50.92049258223508
0,普通周末,2013-11-17,Sunday,23,22.64161803208374
0,平安夜,2013-12-24,Tuesday,23,44.05436611927279
0,普通工作日,2013-11-13,Wednesday,0,9.750135428033092
0,圣诞节,2013-12-25,Wednesday,0,38.78173784164259
0,普通工作日,2013-11-13,Wednesday,1,6.086568258536135
0,圣诞节,2013-12-25,Wednesday,1,27.67348204924487
0,普通工作日,2013-11-13,Wednesday,2,0.9933363081681612
0,圣诞节,2013-12-25,Wednesday,2,15.39495162337209
0,普通工作日,2013-11-13,Wednesday,3,1.2699012688853462
0,圣诞节,2013-12-25,Wednesday,3,8.121962315212546
0,普通工作日,2013-11-13,Wednesday,4,3.288105023678596
0,圣诞节,2013-12-25,Wednesday,4,6.0550022731266075
0,普通工作日,2013-11-13,Wednesday,5,7.2254431594711495
0,圣诞节,2013-12-25,Wednesday,5,0.0845330425954517
0,普通工作日,2013-11-13,Wednesday,6,12.909182478387303
0,圣诞节,2013-12-25,Wednesday,6,9.239659459677274
0,普通工作日,2013-11-13,Wednesday,7,68.82132783404839
0,圣诞节,2013-12-25,Wednesday,7,9.932970170973181
0,普通工作日,2013-11-13,Wednesday,8,96.7286387091761
0,圣诞节,2013-12-25,Wednesday,8,34.03565451565435
0,普通工作日,2013-11-13,Wednesday,9,147.5040765717429
0,圣诞节,2013-12-25,Wednesday,9,127.96882929361064
0,普通工作日,2013-11-13,Wednesday,10,162.32552073096505
0,圣诞节,2013-12-25,Wednesday,10,164.79176738630457
0,普通工作日,2013-11-13,Wednesday,11,190.58245976874576
0,圣诞节,2013-12-25,Wednesday,11,188.57063052814368
0,普通工作日,2013-11-13,Wednesday,12,118.00411267770467
0,圣诞节,2013-12-25,Wednesday,12,165.9600029478736
0,普通工作日,2013-11-13,Wednesday,13,139.90306134735283
0,圣诞节,2013-12-25,Wednesday,13,78.808537697915
0,普通工作日,2013-11-13,Wednesday,14,146.42665334651463
0,圣诞节,2013-12-25,Wednesday,14,55.996218387607385
0,普通工作日,2013-11-13,Wednesday,15,185.29250333746472
0,圣诞节,2013-12-25,Wednesday,15,57.51515839867151
0,普通工作日,2013-11-13,Wednesday,16,167.64608603376075
0,圣诞节,2013-12-25,Wednesday,16,75.59468600829334
0,普通工作日,2013-11-13,Wednesday,17,149.7510960566828
0,圣诞节,2013-12-25,Wednesday,17,88.40381146575956
0,普通工作日,2013-11-13,Wednesday,18,176.71180917747472
0,圣诞节,2013-12-25,Wednesday,18,109.13972802629344
0,普通工作日,2013-11-13,Wednesday,19,134.26104363388816
0,圣诞节,2013-12-25,Wednesday,19,109.4315329948445
0,普通工作日,2013-11-13,Wednesday,20,110.02458804972723
0,圣诞节,2013-12-25,Wednesday,20,107.86496308685092
0,普通工作日,2013-11-13,Wednesday,21,75.79542095397217
0,圣诞节,2013-12-25,Wednesday,21,74.76893457868373
0,普通工作日,2013-11-13,Wednesday,22,46.76100323910215
0,圣诞节,2013-12-25,Wednesday,22,44.57114870090451
0,普通工作日,2013-11-13,Wednesday,23,21.54779107587475
0,圣诞节,2013-12-25,Wednesday,23,32.997567344959826
0,普通周末,2013-11-17,Sunday,0,22.3921298400593
0,新年夜(12月30日),2013-12-30,Monday,0,9.725915772925205
0,普通周末,2013-11-17,Sunday,1,12.81557607387986
0,新年夜(12月30日),2013-12-30,Monday,1,11.019608569172979
0,普通周末,2013-11-17,Sunday,2,9.54409425144477
0,新年夜(12月30日),2013-12-30,Monday,2,3.171033931234043
0,普通周末,2013-11-17,Sunday,3,7.970227338454243
0,新年夜(12月30日),2013-12-30,Monday,3,6.237629038508951
0,普通周末,2013-11-17,Sunday,4,4.095286310530108
0,新年夜(12月30日),2013-12-30,Monday,4,3.535047101703158
0,普通周末,2013-11-17,Sunday,5,5.2958855564960166
0,新年夜(12月30日),2013-12-30,Monday,5,6.764031351992514
0,普通周末,2013-11-17,Sunday,6,6.000369362143615
0,新年夜(12月30日),2013-12-30,Monday,6,11.519617935979262
0,普通周末,2013-11-17,Sunday,7,9.589788076995106
0,新年夜(12月30日),2013-12-30,Monday,7,19.243178984077637
0,普通周末,2013-11-17,Sunday,8,27.855711047135312
0,新年夜(12月30日),2013-12-30,Monday,8,64.46155339493649
0,普通周末,2013-11-17,Sunday,9,69.81109543029783
0,新年夜(12月30日),2013-12-30,Monday,9,158.71948026036677
0,普通周末,2013-11-17,Sunday,10,124.44150123695752
0,新年夜(12月30日),2013-12-30,Monday,10,206.05250949246104
0,普通周末,2013-11-17,Sunday,11,112.01356497978743
0,新年夜(12月30日),2013-12-30,Monday,11,178.93226510560893
0,普通周末,2013-11-17,Sunday,12,96.84022158389241
0,新年夜(12月30日),2013-12-30,Monday,12,134.6313480621037
0,普通周末,2013-11-17,Sunday,13,81.94984687522738
0,新年夜(12月30日),2013-12-30,Monday,13,137.23823757315435
0,普通周末,2013-11-17,Sunday,14,85.7089920081363
0,新年夜(12月30日),2013-12-30,Monday,14,105.1037621434599
0,普通周末,2013-11-17,Sunday,15,71.6110029180499
0,新年夜(12月30日),2013-12-30,Monday,15,109.78889276890557
0,普通周末,2013-11-17,Sunday,16,83.61141318442921
0,新年夜(12月30日),2013-12-30,Monday,16,174.63725534150814
0,普通周末,2013-11-17,Sunday,17,98.2253878341099
0,新年夜(12月30日),2013-12-30,Monday,17,173.15594533973058
0,普通周末,2013-11-17,Sunday,18,95.48653076311594
0,新年夜(12月30日),2013-12-30,Monday,18,178.66876359077128
0,普通周末,2013-11-17,Sunday,19,67.3542545411453
0,新年夜(12月30日),2013-12-30,Monday,19,100.00805526891777
0,普通周末,2013-11-17,Sunday,20,58.897822722824415
0,新年夜(12月30日),2013-12-30,Monday,20,118.06517417918616
0,普通周末,2013-11-17,Sunday,21,57.55609832313591
0,新年夜(12月30日),2013-12-30,Monday,21,88.56042675184528
0,普通周末,2013-11-17,Sunday,22,38.99577491420698
0,新年夜(12月30日),2013-12-30,Monday,22,43.335114308326006
0,普通周末,2013-11-17,Sunday,23,22.64161803208374
0,新年夜(12月30日),2013-12-30,Monday,23,19.817874544001214
100,普通工作日,2013-11-13,Wednesday,0,11.968581236801834
100,圣诞假期开始,2013-12-23,Monday,0,10.563467423334583
100,普通工作日,2013-11-13,Wednesday,1,5.437089996059922
100,圣诞假期开始,2013-12-23,Monday,1,4.606467268856608
100,普通工作日,2013-11-13,Wednesday,2,3.5205056073087397
100,圣诞假期开始,2013-12-23,Monday,2,3.5642924460830527
100,普通工作日,2013-11-13,Wednesday,3,1.369678582118501
100,圣诞假期开始,2013-12-23,Monday,3,2.564955829207987
100,普通工作日,2013-11-13,Wednesday,4,1.4947787030532698
100,圣诞假期开始,2013-12-23,Monday,4,2.837920121826693
100,普通工作日,2013-11-13,Wednesday,5,3.6814355952562647
100,圣诞假期开始,2013-12-23,Monday,5,3.3011427820456727
100,普通工作日,2013-11-13,Wednesday,6,10.830746986127014
100,圣诞假期开始,2013-12-23,Monday,6,6.646587338249827
100,普通工作日,2013-11-13,Wednesday,7,45.76022040364064
100,圣诞假期开始,2013-12-23,Monday,7,24.70496608772719
100,普通工作日,2013-11-13,Wednesday,8,116.27339183059189
100,圣诞假期开始,2013-12-23,Monday,8,94.72672027914314
100,普通工作日,2013-11-13,Wednesday,9,107.2721730443268
100,圣诞假期开始,2013-12-23,Monday,9,121.694415171857
100,普通工作日,2013-11-13,Wednesday,10,115.45380770996917
100,圣诞假期开始,2013-12-23,Monday,10,160.68144235659358
100,普通工作日,2013-11-13,Wednesday,11,126.28342764839103
100,圣诞假期开始,2013-12-23,Monday,11,161.57764815326797
100,普通工作日,2013-11-13,Wednesday,12,95.21564274424998
100,圣诞假期开始,2013-12-23,Monday,12,136.94537855792217
100,普通工作日,2013-11-13,Wednesday,13,85.89476097291916
100,圣诞假期开始,2013-12-23,Monday,13,107.78748238138346
100,普通工作日,2013-11-13,Wednesday,14,105.3603878167372
100,圣诞假期开始,2013-12-23,Monday,14,140.29264662337664
100,普通工作日,2013-11-13,Wednesday,15,117.92160220772014
100,圣诞假期开始,2013-12-23,Monday,15,158.95744006614242
100,普通工作日,2013-11-13,Wednesday,16,128.8198679235898
100,圣诞假期开始,2013-12-23,Monday,16,156.73488285488162
100,普通工作日,2013-11-13,Wednesday,17,150.21301023807823
100,圣诞假期开始,2013-12-23,Monday,17,150.92440295726476
100,普通工作日,2013-11-13,Wednesday,18,136.52687899056275
100,圣诞假期开始,2013-12-23,Monday,18,148.04357856942175
100,普通工作日,2013-11-13,Wednesday,19,102.64963855552617
100,圣诞假期开始,2013-12-23,Monday,19,124.7003480096391
100,普通工作日,2013-11-13,Wednesday,20,94.06331590329073
100,圣诞假期开始,2013-12-23,Monday,20,78.06546419451195
100,普通工作日,2013-11-13,Wednesday,21,73.75629339045092
100,圣诞假期开始,2013-12-23,Monday,21,49.14076686291316
100,普通工作日,2013-11-13,Wednesday,22,26.953427173969676
100,圣诞假期开始,2013-12-23,Monday,22,32.323086291795896
100,普通工作日,2013-11-13,Wednesday,23,14.37158976360047
100,圣诞假期开始,2013-12-23,Monday,23,20.009149876279423
100,普通周末,2013-11-17,Sunday,0,11.253135775212826
100,平安夜,2013-12-24,Tuesday,0,9.933391673573027
100,普通周末,2013-11-17,Sunday,1,15.74485945125538
100,平安夜,2013-12-24,Tuesday,1,4.766500899257808
100,普通周末,2013-11-17,Sunday,2,5.7589444271457975
100,平安夜,2013-12-24,Tuesday,2,2.7773508032140315
100,普通周末,2013-11-17,Sunday,3,4.579981595347166
100,平安夜,2013-12-24,Tuesday,3,5.080667814650352
100,普通周末,2013-11-17,Sunday,4,2.819698886272464
100,平安夜,2013-12-24,Tuesday,4,3.784479667895076
100,普通周末,2013-11-17,Sunday,5,5.86858846455062
100,平安夜,2013-12-24,Tuesday,5,5.459967781600284
100,普通周末,2013-11-17,Sunday,6,4.899215062368088
100,平安夜,2013-12-24,Tuesday,6,9.617106574661141
100,普通周末,2013-11-17,Sunday,7,9.671982430107134
100,平安夜,2013-12-24,Tuesday,7,20.97571487313765
100,普通周末,2013-11-17,Sunday,8,29.814729849408497
100,平安夜,2013-12-24,Tuesday,8,71.5036201078323
100,普通周末,2013-11-17,Sunday,9,64.30935406119923
100,平安夜,2013-12-24,Tuesday,9,130.07029577964195
100,普通周末,2013-11-17,Sunday,10,69.55184316954447
100,平安夜,2013-12-24,Tuesday,10,162.90218365246835
100,普通周末,2013-11-17,Sunday,11,83.89403853749266
100,平安夜,2013-12-24,Tuesday,11,185.80939588833638
100,普通周末,2013-11-17,Sunday,12,87.98280490413461
100,平安夜,2013-12-24,Tuesday,12,127.0759587910169
100,普通周末,2013-11-17,Sunday,13,54.446735901004736
100,平安夜,2013-12-24,Tuesday,13,110.55645777105579
100,普通周末,2013-11-17,Sunday,14,61.06932669089863
100,平安夜,2013-12-24,Tuesday,14,102.13111977804972
100,普通周末,2013-11-17,Sunday,15,75.96780816768735
100,平安夜,2013-12-24,Tuesday,15,117.99754619466955
100,普通周末,2013-11-17,Sunday,16,62.11839673832783
100,平安夜,2013-12-24,Tuesday,16,151.4364388047389
100,普通周末,2013-11-17,Sunday,17,79.90854015409134
100,平安夜,2013-12-24,Tuesday,17,129.80289908291374
100,普通周末,2013-11-17,Sunday,18,84.01032146893407
100,平安夜,2013-12-24,Tuesday,18,114.47295577912247
100,普通周末,2013-11-17,Sunday,19,71.95836186628816
100,平安夜,2013-12-24,Tuesday,19,120.07282505014045
100,普通周末,2013-11-17,Sunday,20,53.92140415805363
100,平安夜,2013-12-24,Tuesday,20,62.627589641937156
100,普通周末,2013-11-17,Sunday,21,37.80100451068471
100,平安夜,2013-12-24,Tuesday,21,44.238542489732446
100,普通周末,2013-11-17,Sunday,22,29.048401109741654
100,平安夜,2013-12-24,Tuesday,22,34.30598158519362
100,普通周末,2013-11-17,Sunday,23,10.32997802682528
100,平安夜,2013-12-24,Tuesday,23,32.71447371180345
100,普通工作日,2013-11-13,Wednesday,0,11.968581236801834
100,圣诞节,2013-12-25,Wednesday,0,31.887874506013688
100,普通工作日,2013-11-13,Wednesday,1,5.437089996059922
100,圣诞节,2013-12-25,Wednesday,1,21.606586801866808
100,普通工作日,2013-11-13,Wednesday,2,3.5205056073087397
100,圣诞节,2013-12-25,Wednesday,2,10.10074243174959
100,普通工作日,2013-11-13,Wednesday,3,1.369678582118501
100,圣诞节,2013-12-25,Wednesday,3,9.692603568023948
100,普通工作日,2013-11-13,Wednesday,4,1.4947787030532698
100,圣诞节,2013-12-25,Wednesday,4,4.080298159515969
100,普通工作日,2013-11-13,Wednesday,5,3.6814355952562647
100,圣诞节,2013-12-25,Wednesday,5,5.463177027498103
100,普通工作日,2013-11-13,Wednesday,6,10.830746986127014
100,圣诞节,2013-12-25,Wednesday,6,7.334629014032981
100,普通工作日,2013-11-13,Wednesday,7,45.76022040364064
100,圣诞节,2013-12-25,Wednesday,7,9.710530952909664
100,普通工作日,2013-11-13,Wednesday,8,116.27339183059189
100,圣诞节,2013-12-25,Wednesday,8,25.504862135459565
100,普通工作日,2013-11-13,Wednesday,9,107.2721730443268
100,圣诞节,2013-12-25,Wednesday,9,87.50842687838784
100,普通工作日,2013-11-13,Wednesday,10,115.45380770996917
100,圣诞节,2013-12-25,Wednesday,10,140.57855766853018
100,普通工作日,2013-11-13,Wednesday,11,126.28342764839103
100,圣诞节,2013-12-25,Wednesday,11,175.89798430449622
100,普通工作日,2013-11-13,Wednesday,12,95.21564274424998
100,圣诞节,2013-12-25,Wednesday,12,147.63807401324297
100,普通工作日,2013-11-13,Wednesday,13,85.89476097291916
100,圣诞节,2013-12-25,Wednesday,13,63.77447354231577
100,普通工作日,2013-11-13,Wednesday,14,105.3603878167372
100,圣诞节,2013-12-25,Wednesday,14,34.62550219405099
100,普通工作日,2013-11-13,Wednesday,15,117.92160220772014
100,圣诞节,2013-12-25,Wednesday,15,57.41118247771815
100,普通工作日,2013-11-13,Wednesday,16,128.8198679235898
100,圣诞节,2013-12-25,Wednesday,16,70.00018552719615
100,普通工作日,2013-11-13,Wednesday,17,150.21301023807823
100,圣诞节,2013-12-25,Wednesday,17,65.09331167247231
100,普通工作日,2013-11-13,Wednesday,18,136.52687899056275
100,圣诞节,2013-12-25,Wednesday,18,84.99138547215162
100,普通工作日,2013-11-13,Wednesday,19,102.64963855552617
100,圣诞节,2013-12-25,Wednesday,19,70.60954406203672
100,普通工作日,2013-11-13,Wednesday,20,94.06331590329073
100,圣诞节,2013-12-25,Wednesday,20,67.37804275138463
100,普通工作日,2013-11-13,Wednesday,21,73.75629339045092
100,圣诞节,2013-12-25,Wednesday,21,43.950892000376754
100,普通工作日,2013-11-13,Wednesday,22,26.953427173969676
100,圣诞节,2013-12-25,Wednesday,22,29.571310260154103
100,普通工作日,2013-11-13,Wednesday,23,14.37158976360047
100,圣诞节,2013-12-25,Wednesday,23,25.586529692684135
100,普通周末,2013-11-17,Sunday,0,11.253135775212826
100,新年夜(12月30日),2013-12-30,Monday,0,14.112021500936146
100,普通周末,2013-11-17,Sunday,1,15.74485945125538
100,新年夜(12月30日),2013-12-30,Monday,1,4.776037871201224
100,普通周末,2013-11-17,Sunday,2,5.7589444271457975
100,新年夜(12月30日),2013-12-30,Monday,2,3.320833052717323
100,普通周末,2013-11-17,Sunday,3,4.579981595347166
100,新年夜(12月30日),2013-12-30,Monday,3,2.407504544100451
100,普通周末,2013-11-17,Sunday,4,2.819698886272464
100,新年夜(12月30日),2013-12-30,Monday,4,2.591219004431704
100,普通周末,2013-11-17,Sunday,5,5.86858846455062
100,新年夜(12月30日),2013-12-30,Monday,5,2.5804259729989365
100,普通周末,2013-11-17,Sunday,6,4.899215062368088
100,新年夜(12月30日),2013-12-30,Monday,6,6.99401858495924
100,普通周末,2013-11-17,Sunday,7,9.671982430107134
100,新年夜(12月30日),2013-12-30,Monday,7,16.13595804468624
100,普通周末,2013-11-17,Sunday,8,29.814729849408497
100,新年夜(12月30日),2013-12-30,Monday,8,56.67841241144608
100,普通周末,2013-11-17,Sunday,9,64.30935406119923
100,新年夜(12月30日),2013-12-30,Monday,9,88.84995035860669
100,普通周末,2013-11-17,Sunday,10,69.55184316954447
100,新年夜(12月30日),2013-12-30,Monday,10,141.03646102816916
100,普通周末,2013-11-17,Sunday,11,83.89403853749266
100,新年夜(12月30日),2013-12-30,Monday,11,133.85769686488032
100,普通周末,2013-11-17,Sunday,12,87.98280490413461
100,新年夜(12月30日),2013-12-30,Monday,12,95.97118482783249
100,普通周末,2013-11-17,Sunday,13,54.446735901004736
100,新年夜(12月30日),2013-12-30,Monday,13,93.60566098201645
100,普通周末,2013-11-17,Sunday,14,61.06932669089863
100,新年夜(12月30日),2013-12-30,Monday,14,99.46763620192469
100,普通周末,2013-11-17,Sunday,15,75.96780816768735
100,新年夜(12月30日),2013-12-30,Monday,15,99.86158555133288
100,普通周末,2013-11-17,Sunday,16,62.11839673832783
100,新年夜(12月30日),2013-12-30,Monday,16,114.70495640198017
100,普通周末,2013-11-17,Sunday,17,79.90854015409134
100,新年夜(12月30日),2013-12-30,Monday,17,121.6224287274224
100,普通周末,2013-11-17,Sunday,18,84.01032146893407
100,新年夜(12月30日),2013-12-30,Monday,18,120.97373999492493
100,普通周末,2013-11-17,Sunday,19,71.95836186628816
100,新年夜(12月30日),2013-12-30,Monday,19,92.14854610020943
100,普通周末,2013-11-17,Sunday,20,53.92140415805363
100,新年夜(12月30日),2013-12-30,Monday,20,63.82120270764422
100,普通周末,2013-11-17,Sunday,21,37.80100451068471
100,新年夜(12月30日),2013-12-30,Monday,21,54.21463880465194
100,普通周末,2013-11-17,Sunday,22,29.048401109741654
100,新年夜(12月30日),2013-12-30,Monday,22,29.320521086547384
100,普通周末,2013-11-17,Sunday,23,10.32997802682528
100,新年夜(12月30日),2013-12-30,Monday,23,18.52695519222387
171,普通工作日,2013-11-13,Wednesday,0,469.58057676113515
171,圣诞假期开始,2013-12-23,Monday,0,448.8971755191857
171,普通工作日,2013-11-13,Wednesday,1,307.8508720680014
171,圣诞假期开始,2013-12-23,Monday,1,378.71144932023066
171,普通工作日,2013-11-13,Wednesday,2,160.60594295107555
171,圣诞假期开始,2013-12-23,Monday,2,163.38590627650916
171,普通工作日,2013-11-13,Wednesday,3,141.54243842486596
171,圣诞假期开始,2013-12-23,Monday,3,125.38347953805251
171,普通工作日,2013-11-13,Wednesday,4,113.95718619366744
171,圣诞假期开始,2013-12-23,Monday,4,142.45718738806414
171,普通工作日,2013-11-13,Wednesday,5,162.30520298532687
171,圣诞假期开始,2013-12-23,Monday,5,143.29856924926463
171,普通工作日,2013-11-13,Wednesday,6,303.9918158444115
171,圣诞假期开始,2013-12-23,Monday,6,224.88812205607263
171,普通工作日,2013-11-13,Wednesday,7,1011.3042432077236
171,圣诞假期开始,2013-12-23,Monday,7,546.171735635119
171,普通工作日,2013-11-13,Wednesday,8,2482.112874059303
171,圣诞假期开始,2013-12-23,Monday,8,1744.7562753793766
171,普通工作日,2013-11-13,Wednesday,9,3234.933961590662
171,圣诞假期开始,2013-12-23,Monday,9,3223.7335979200557
171,普通工作日,2013-11-13,Wednesday,10,3024.5736746695084
171,圣诞假期开始,2013-12-23,Monday,10,3737.3178635593604
171,普通工作日,2013-11-13,Wednesday,11,3169.3472417075163
171,圣诞假期开始,2013-12-23,Monday,11,3681.0171663370065
171,普通工作日,2013-11-13,Wednesday,12,2963.7110032213122
171,圣诞假期开始,2013-12-23,Monday,12,3248.587289144696
171,普通工作日,2013-11-13,Wednesday,13,2852.4330274471135
171,圣诞假期开始,2013-12-23,Monday,13,2924.3636471096543
171,普通工作日,2013-11-13,Wednesday,14,2718.8587413069126
171,圣诞假期开始,2013-12-23,Monday,14,2562.2135905069927
171,普通工作日,2013-11-13,Wednesday,15,2827.0080875908648
171,圣诞假期开始,2013-12-23,Monday,15,3094.0842383976287
171,普通工作日,2013-11-13,Wednesday,16,3201.52110653391
171,圣诞假期开始,2013-12-23,Monday,16,2791.7890174027525
171,普通工作日,2013-11-13,Wednesday,17,3457.6093614977
171,圣诞假期开始,2013-12-23,Monday,17,2897.7622554285663
171,普通工作日,2013-11-13,Wednesday,18,3503.107295364001
171,圣诞假期开始,2013-12-23,Monday,18,3296.485696592545
171,普通工作日,2013-11-13,Wednesday,19,3080.455569073185
171,圣诞假期开始,2013-12-23,Monday,19,2688.307664835099
171,普通工作日,2013-11-13,Wednesday,20,2584.383214506366
171,圣诞假期开始,2013-12-23,Monday,20,2101.8458242493307
171,普通工作日,2013-11-13,Wednesday,21,2156.087124777971
171,圣诞假期开始,2013-12-23,Monday,21,1447.655028820392
171,普通工作日,2013-11-13,Wednesday,22,1882.272508670078
171,圣诞假期开始,2013-12-23,Monday,22,961.5063888280022
171,普通工作日,2013-11-13,Wednesday,23,1141.2667404652784
171,圣诞假期开始,2013-12-23,Monday,23,723.98772901806
171,普通周末,2013-11-17,Sunday,0,1417.8763707782077
171,平安夜,2013-12-24,Tuesday,0,440.0443261817815
171,普通周末,2013-11-17,Sunday,1,994.902000771095
171,平安夜,2013-12-24,Tuesday,1,333.4554545022565
171,普通周末,2013-11-17,Sunday,2,702.9164029329686
171,平安夜,2013-12-24,Tuesday,2,170.06444733031645
171,普通周末,2013-11-17,Sunday,3,484.4847472634693
171,平安夜,2013-12-24,Tuesday,3,124.8834223011411
171,普通周末,2013-11-17,Sunday,4,397.0908026911168
171,平安夜,2013-12-24,Tuesday,4,128.2684002178427
171,普通周末,2013-11-17,Sunday,5,362.7864096844833
171,平安夜,2013-12-24,Tuesday,5,183.02044819776944
171,普通周末,2013-11-17,Sunday,6,250.33507746580617
171,平安夜,2013-12-24,Tuesday,6,272.03207595020615
171,普通周末,2013-11-17,Sunday,7,239.5652855534618
171,平安夜,2013-12-24,Tuesday,7,424.9022257254646
171,普通周末,2013-11-17,Sunday,8,512.7455167769463
171,平安夜,2013-12-24,Tuesday,8,1389.1203438752511
171,普通周末,2013-11-17,Sunday,9,939.443477598574
171,平安夜,2013-12-24,Tuesday,9,1977.6623703349196
171,普通周末,2013-11-17,Sunday,10,1723.617617648286
171,平安夜,2013-12-24,Tuesday,10,2845.9843645781734
171,普通周末,2013-11-17,Sunday,11,2069.1373252476064
171,平安夜,2013-12-24,Tuesday,11,3095.5387667927207
171,普通周末,2013-11-17,Sunday,12,2001.0174200245701
171,平安夜,2013-12-24,Tuesday,12,3137.234206301822
171,普通周末,2013-11-17,Sunday,13,1514.7001662213831
171,平安夜,2013-12-24,Tuesday,13,2202.1676755774342
171,普通周末,2013-11-17,Sunday,14,1424.3737319910695
171,平安夜,2013-12-24,Tuesday,14,2182.1346292206163
171,普通周末,2013-11-17,Sunday,15,1499.3234514281824
171,平安夜,2013-12-24,Tuesday,15,2198.9578946526753
171,普通周末,2013-11-17,Sunday,16,1712.203375830843
171,平安夜,2013-12-24,Tuesday,16,2321.8906549093276
171,普通周末,2013-11-17,Sunday,17,2071.8379821004464
171,平安夜,2013-12-24,Tuesday,17,2362.6917854183985
171,普通周末,2013-11-17,Sunday,18,2020.7024718095593
171,平安夜,2013-12-24,Tuesday,18,2375.328369924663
171,普通周末,2013-11-17,Sunday,19,2069.4949992825586
171,平安夜,2013-12-24,Tuesday,19,1665.9810412368035
171,普通周末,2013-11-17,Sunday,20,1944.3221536288825
171,平安夜,2013-12-24,Tuesday,20,1215.6113562651553
171,普通周末,2013-11-17,Sunday,21,1607.7110043567377
171,平安夜,2013-12-24,Tuesday,21,806.7150232983535
171,普通周末,2013-11-17,Sunday,22,1271.343993466367
171,平安夜,2013-12-24,Tuesday,22,731.2317996940142
171,普通周末,2013-11-17,Sunday,23,823.311173281124
171,平安夜,2013-12-24,Tuesday,23,638.3077100791709
171,普通工作日,2013-11-13,Wednesday,0,469.58057676113515
171,圣诞节,2013-12-25,Wednesday,0,590.8181202010306
171,普通工作日,2013-11-13,Wednesday,1,307.8508720680014
171,圣诞节,2013-12-25,Wednesday,1,477.2665047103263
171,普通工作日,2013-11-13,Wednesday,2,160.60594295107555
171,圣诞节,2013-12-25,Wednesday,2,303.5905625655872
171,普通工作日,2013-11-13,Wednesday,3,141.54243842486596
171,圣诞节,2013-12-25,Wednesday,3,183.4821504307605
171,普通工作日,2013-11-13,Wednesday,4,113.95718619366744
171,圣诞节,2013-12-25,Wednesday,4,135.925566444543
171,普通工作日,2013-11-13,Wednesday,5,162.30520298532687
171,圣诞节,2013-12-25,Wednesday,5,121.15716431627331
171,普通工作日,2013-11-13,Wednesday,6,303.9918158444115
171,圣诞节,2013-12-25,Wednesday,6,180.69230056127438
171,普通工作日,2013-11-13,Wednesday,7,1011.3042432077236
171,圣诞节,2013-12-25,Wednesday,7,214.99957119935215
171,普通工作日,2013-11-13,Wednesday,8,2482.112874059303
171,圣诞节,2013-12-25,Wednesday,8,434.2787695630646
171,普通工作日,2013-11-13,Wednesday,9,3234.933961590662
171,圣诞节,2013-12-25,Wednesday,9,1253.0785624517553
171,普通工作日,2013-11-13,Wednesday,10,3024.5736746695084
171,圣诞节,2013-12-25,Wednesday,10,1877.6990050578659
171,普通工作日,2013-11-13,Wednesday,11,3169.3472417075163
171,圣诞节,2013-12-25,Wednesday,11,2106.27883550214
171,普通工作日,2013-11-13,Wednesday,12,2963.7110032213122
171,圣诞节,2013-12-25,Wednesday,12,2417.388430016687
171,普通工作日,2013-11-13,Wednesday,13,2852.4330274471135
171,圣诞节,2013-12-25,Wednesday,13,1254.371451410678
171,普通工作日,2013-11-13,Wednesday,14,2718.8587413069126
171,圣诞节,2013-12-25,Wednesday,14,691.7748663708539
171,普通工作日,2013-11-13,Wednesday,15,2827.0080875908648
171,圣诞节,2013-12-25,Wednesday,15,933.0941688073336
171,普通工作日,2013-11-13,Wednesday,16,3201.52110653391
171,圣诞节,2013-12-25,Wednesday,16,1059.4945781472125
171,普通工作日,2013-11-13,Wednesday,17,3457.6093614977
171,圣诞节,2013-12-25,Wednesday,17,1376.202685205316
171,普通工作日,2013-11-13,Wednesday,18,3503.107295364001
171,圣诞节,2013-12-25,Wednesday,18,1483.8395639612636
171,普通工作日,2013-11-13,Wednesday,19,3080.455569073185
171,圣诞节,2013-12-25,Wednesday,19,1464.2087114179647
171,普通工作日,2013-11-13,Wednesday,20,2584.383214506366
171,圣诞节,2013-12-25,Wednesday,20,1322.8176496694018
171,普通工作日,2013-11-13,Wednesday,21,2156.087124777971
171,圣诞节,2013-12-25,Wednesday,21,1197.5612715372174
171,普通工作日,2013-11-13,Wednesday,22,1882.272508670078
171,圣诞节,2013-12-25,Wednesday,22,856.8343672629289
171,普通工作日,2013-11-13,Wednesday,23,1141.2667404652784
171,圣诞节,2013-12-25,Wednesday,23,815.1554606866588
171,普通周末,2013-11-17,Sunday,0,1417.8763707782077
171,新年夜(12月30日),2013-12-30,Monday,0,343.04480285972534
171,普通周末,2013-11-17,Sunday,1,994.902000771095
171,新年夜(12月30日),2013-12-30,Monday,1,339.38006035579014
171,普通周末,2013-11-17,Sunday,2,702.9164029329686
171,新年夜(12月30日),2013-12-30,Monday,2,192.36104338371558
171,普通周末,2013-11-17,Sunday,3,484.4847472634693
171,新年夜(12月30日),2013-12-30,Monday,3,135.1770498839731
171,普通周末,2013-11-17,Sunday,4,397.0908026911168
171,新年夜(12月30日),2013-12-30,Monday,4,177.83382150635
171,普通周末,2013-11-17,Sunday,5,362.7864096844833
171,新年夜(12月30日),2013-12-30,Monday,5,144.14122454551645
171,普通周末,2013-11-17,Sunday,6,250.33507746580617
171,新年夜(12月30日),2013-12-30,Monday,6,225.14403801945014
171,普通周末,2013-11-17,Sunday,7,239.5652855534618
171,新年夜(12月30日),2013-12-30,Monday,7,366.81671760488103
171,普通周末,2013-11-17,Sunday,8,512.7455167769463
171,新年夜(12月30日),2013-12-30,Monday,8,998.7153156656683
171,普通周末,2013-11-17,Sunday,9,939.443477598574
171,新年夜(12月30日),2013-12-30,Monday,9,1742.4913191623184
171,普通周末,2013-11-17,Sunday,10,1723.617617648286
171,新年夜(12月30日),2013-12-30,Monday,10,2413.95020698013
171,普通周末,2013-11-17,Sunday,11,2069.1373252476064
171,新年夜(12月30日),2013-12-30,Monday,11,2484.362356246958
171,普通周末,2013-11-17,Sunday,12,2001.0174200245701
171,新年夜(12月30日),2013-12-30,Monday,12,2231.9604040397694
171,普通周末,2013-11-17,Sunday,13,1514.7001662213831
171,新年夜(12月30日),2013-12-30,Monday,13,1959.7398996469783
171,普通周末,2013-11-17,Sunday,14,1424.3737319910695
171,新年夜(12月30日),2013-12-30,Monday,14,1825.04402941821
171,普通周末,2013-11-17,Sunday,15,1499.3234514281824
171,新年夜(12月30日),2013-12-30,Monday,15,1906.184115252054
171,普通周末,2013-11-17,Sunday,16,1712.203375830843
171,新年夜(12月30日),2013-12-30,Monday,16,1933.9033627806723
171,普通周末,2013-11-17,Sunday,17,2071.8379821004464
171,新年夜(12月30日),2013-12-30,Monday,17,1951.818843117317
171,普通周末,2013-11-17,Sunday,18,2020.7024718095593
171,新年夜(12月30日),2013-12-30,Monday,18,2240.046792833103
171,普通周末,2013-11-17,Sunday,19,2069.4949992825586
171,新年夜(12月30日),2013-12-30,Monday,19,1913.0807391349101
171,普通周末,2013-11-17,Sunday,20,1944.3221536288825
171,新年夜(12月30日),2013-12-30,Monday,20,1472.2051502002876
171,普通周末,2013-11-17,Sunday,21,1607.7110043567377
171,新年夜(12月30日),2013-12-30,Monday,21,1355.5320439773373
171,普通周末,2013-11-17,Sunday,22,1271.343993466367
171,新年夜(12月30日),2013-12-30,Monday,22,778.5255138222695
171,普通周末,2013-11-17,Sunday,23,823.311173281124
171,新年夜(12月30日),2013-12-30,Monday,23,569.2108061157954
212,普通工作日,2013-11-13,Wednesday,0,443.5265708623257
212,圣诞假期开始,2013-12-23,Monday,0,404.06493175646165
212,普通工作日,2013-11-13,Wednesday,1,313.73776557833173
212,圣诞假期开始,2013-12-23,Monday,1,267.91728722165914
212,普通工作日,2013-11-13,Wednesday,2,227.88086847185212
212,圣诞假期开始,2013-12-23,Monday,2,248.140956040156
212,普通工作日,2013-11-13,Wednesday,3,273.80354097709335
212,圣诞假期开始,2013-12-23,Monday,3,147.5024556014759
212,普通工作日,2013-11-13,Wednesday,4,208.88470301306083
212,圣诞假期开始,2013-12-23,Monday,4,215.55390238308075
212,普通工作日,2013-11-13,Wednesday,5,273.09902840215943
212,圣诞假期开始,2013-12-23,Monday,5,251.00103738834628
212,普通工作日,2013-11-13,Wednesday,6,411.01293880433815
212,圣诞假期开始,2013-12-23,Monday,6,349.4616699058437
212,普通工作日,2013-11-13,Wednesday,7,1326.8272075364944
212,圣诞假期开始,2013-12-23,Monday,7,825.5904795877206
212,普通工作日,2013-11-13,Wednesday,8,3272.9015732857088
212,圣诞假期开始,2013-12-23,Monday,8,2235.004794508897
212,普通工作日,2013-11-13,Wednesday,9,4951.583179079841
212,圣诞假期开始,2013-12-23,Monday,9,4557.019679765042
212,普通工作日,2013-11-13,Wednesday,10,4925.645110548388
212,圣诞假期开始,2013-12-23,Monday,10,5412.440854537919
212,普通工作日,2013-11-13,Wednesday,11,5239.874548168265
212,圣诞假期开始,2013-12-23,Monday,11,6344.323933330587
212,普通工作日,2013-11-13,Wednesday,12,4758.136354150164
212,圣诞假期开始,2013-12-23,Monday,12,6273.218487398552
212,普通工作日,2013-11-13,Wednesday,13,5174.0857099653285
212,圣诞假期开始,2013-12-23,Monday,13,5003.822219805892
212,普通工作日,2013-11-13,Wednesday,14,4435.611085212352
212,圣诞假期开始,2013-12-23,Monday,14,4781.99843502317
212,普通工作日,2013-11-13,Wednesday,15,4284.384091617941
212,圣诞假期开始,2013-12-23,Monday,15,4752.168962720903
212,普通工作日,2013-11-13,Wednesday,16,4244.162415982436
212,圣诞假期开始,2013-12-23,Monday,16,5428.807969442406
212,普通工作日,2013-11-13,Wednesday,17,4391.897179499971
212,圣诞假期开始,2013-12-23,Monday,17,5538.400370380493
212,普通工作日,2013-11-13,Wednesday,18,4337.692998657456
212,圣诞假期开始,2013-12-23,Monday,18,5097.119002029413
212,普通工作日,2013-11-13,Wednesday,19,3607.4961003036124
212,圣诞假期开始,2013-12-23,Monday,19,3762.5231189348156
212,普通工作日,2013-11-13,Wednesday,20,2643.644483235125
212,圣诞假期开始,2013-12-23,Monday,20,2498.6778652490952
212,普通工作日,2013-11-13,Wednesday,21,1769.9944333167425
212,圣诞假期开始,2013-12-23,Monday,21,1490.6953617801169
212,普通工作日,2013-11-13,Wednesday,22,1210.2388427852054
212,圣诞假期开始,2013-12-23,Monday,22,887.280446339679
212,普通工作日,2013-11-13,Wednesday,23,892.5768027597733
212,圣诞假期开始,2013-12-23,Monday,23,640.3133733413667
212,普通周末,2013-11-17,Sunday,0,763.7152671867801
212,平安夜,2013-12-24,Tuesday,0,401.90112583705843
212,普通周末,2013-11-17,Sunday,1,581.5578960813216
212,平安夜,2013-12-24,Tuesday,1,300.72801554670474
212,普通周末,2013-11-17,Sunday,2,380.96890906933334
212,平安夜,2013-12-24,Tuesday,2,201.69857234125274
212,普通周末,2013-11-17,Sunday,3,360.9734879655109
212,平安夜,2013-12-24,Tuesday,3,220.79732293035062
212,普通周末,2013-11-17,Sunday,4,288.9601346663407
212,平安夜,2013-12-24,Tuesday,4,160.27589663442672
212,普通周末,2013-11-17,Sunday,5,266.95945595854494
212,平安夜,2013-12-24,Tuesday,5,254.422918046033
212,普通周末,2013-11-17,Sunday,6,246.40901263175908
212,平安夜,2013-12-24,Tuesday,6,298.0776334001381
212,普通周末,2013-11-17,Sunday,7,262.3445248449686
212,平安夜,2013-12-24,Tuesday,7,584.5128274513513
212,普通周末,2013-11-17,Sunday,8,567.2433950792713
212,平安夜,2013-12-24,Tuesday,8,1780.692099966638
212,普通周末,2013-11-17,Sunday,9,1003.7940031547448
212,平安夜,2013-12-24,Tuesday,9,3603.8351262100305
212,普通周末,2013-11-17,Sunday,10,1431.7384193309663
212,平安夜,2013-12-24,Tuesday,10,5132.484978041037
212,普通周末,2013-11-17,Sunday,11,1925.5235165172762
212,平安夜,2013-12-24,Tuesday,11,5112.338864626542
212,普通周末,2013-11-17,Sunday,12,1872.4601491818103
212,平安夜,2013-12-24,Tuesday,12,4653.353359593876
212,普通周末,2013-11-17,Sunday,13,1645.291662655729
212,平安夜,2013-12-24,Tuesday,13,4421.813334638936
212,普通周末,2013-11-17,Sunday,14,1455.765788654887
212,平安夜,2013-12-24,Tuesday,14,3500.9268676853158
212,普通周末,2013-11-17,Sunday,15,1775.2826396281898
212,平安夜,2013-12-24,Tuesday,15,3435.343992036841
212,普通周末,2013-11-17,Sunday,16,2158.1033329640995
212,平安夜,2013-12-24,Tuesday,16,3421.4177467191494
212,普通周末,2013-11-17,Sunday,17,2203.4144081735694
212,平安夜,2013-12-24,Tuesday,17,3706.6313506528027
212,普通周末,2013-11-17,Sunday,18,2347.945271155206
212,平安夜,2013-12-24,Tuesday,18,3000.8140357798557
212,普通周末,2013-11-17,Sunday,19,2196.561742611931
212,平安夜,2013-12-24,Tuesday,19,2087.031789465335
212,普通周末,2013-11-17,Sunday,20,1476.5260322412935
212,平安夜,2013-12-24,Tuesday,20,1387.5426261155874
212,普通周末,2013-11-17,Sunday,21,1121.5280362600292
212,平安夜,2013-12-24,Tuesday,21,705.1709623322091
212,普通周末,2013-11-17,Sunday,22,752.8660647290735
212,平安夜,2013-12-24,Tuesday,22,555.8741355524724
212,普通周末,2013-11-17,Sunday,23,514.6460765921022
212,平安夜,2013-12-24,Tuesday,23,751.4642443896611
212,普通工作日,2013-11-13,Wednesday,0,443.5265708623257
212,圣诞节,2013-12-25,Wednesday,0,596.593577791542
212,普通工作日,2013-11-13,Wednesday,1,313.73776557833173
212,圣诞节,2013-12-25,Wednesday,1,434.89147714646344
212,普通工作日,2013-11-13,Wednesday,2,227.88086847185212
212,圣诞节,2013-12-25,Wednesday,2,248.11019783670753
212,普通工作日,2013-11-13,Wednesday,3,273.80354097709335
212,圣诞节,2013-12-25,Wednesday,3,205.55809107574987
212,普通工作日,2013-11-13,Wednesday,4,208.88470301306083
212,圣诞节,2013-12-25,Wednesday,4,201.89144799977424
212,普通工作日,2013-11-13,Wednesday,5,273.09902840215943
212,圣诞节,2013-12-25,Wednesday,5,215.4861336057967
212,普通工作日,2013-11-13,Wednesday,6,411.01293880433815
212,圣诞节,2013-12-25,Wednesday,6,276.730868820357
212,普通工作日,2013-11-13,Wednesday,7,1326.8272075364944
212,圣诞节,2013-12-25,Wednesday,7,282.2825567185778
212,普通工作日,2013-11-13,Wednesday,8,3272.9015732857088
212,圣诞节,2013-12-25,Wednesday,8,363.43549434792806
212,普通工作日,2013-11-13,Wednesday,9,4951.583179079841
212,圣诞节,2013-12-25,Wednesday,9,959.5401401347236
212,普通工作日,2013-11-13,Wednesday,10,4925.645110548388
212,圣诞节,2013-12-25,Wednesday,10,1554.412238419261
212,普通工作日,2013-11-13,Wednesday,11,5239.874548168265
212,圣诞节,2013-12-25,Wednesday,11,1831.2074990925973
212,普通工作日,2013-11-13,Wednesday,12,4758.136354150164
212,圣诞节,2013-12-25,Wednesday,12,1799.518288671164
212,普通工作日,2013-11-13,Wednesday,13,5174.0857099653285
212,圣诞节,2013-12-25,Wednesday,13,1089.2562856456493
212,普通工作日,2013-11-13,Wednesday,14,4435.611085212352
212,圣诞节,2013-12-25,Wednesday,14,737.1550621322127
212,普通工作日,2013-11-13,Wednesday,15,4284.384091617941
212,圣诞节,2013-12-25,Wednesday,15,828.1807186926306
212,普通工作日,2013-11-13,Wednesday,16,4244.162415982436
212,圣诞节,2013-12-25,Wednesday,16,1082.6444714515546
212,普通工作日,2013-11-13,Wednesday,17,4391.897179499971
212,圣诞节,2013-12-25,Wednesday,17,1173.9275521876389
212,普通工作日,2013-11-13,Wednesday,18,4337.692998657456
212,圣诞节,2013-12-25,Wednesday,18,1470.4705325812122
212,普通工作日,2013-11-13,Wednesday,19,3607.4961003036124
212,圣诞节,2013-12-25,Wednesday,19,1526.6333047479839
212,普通工作日,2013-11-13,Wednesday,20,2643.644483235125
212,圣诞节,2013-12-25,Wednesday,20,1162.773367312836
212,普通工作日,2013-11-13,Wednesday,21,1769.9944333167425
212,圣诞节,2013-12-25,Wednesday,21,862.5042467745095
212,普通工作日,2013-11-13,Wednesday,22,1210.2388427852054
212,圣诞节,2013-12-25,Wednesday,22,709.9464730979901
212,普通工作日,2013-11-13,Wednesday,23,892.5768027597733
212,圣诞节,2013-12-25,Wednesday,23,506.964918277786
212,普通周末,2013-11-17,Sunday,0,763.7152671867801
212,新年夜(12月30日),2013-12-30,Monday,0,291.7544642755743
212,普通周末,2013-11-17,Sunday,1,581.5578960813216
212,新年夜(12月30日),2013-12-30,Monday,1,238.0709475279879
212,普通周末,2013-11-17,Sunday,2,380.96890906933334
212,新年夜(12月30日),2013-12-30,Monday,2,199.42206839778734
212,普通周末,2013-11-17,Sunday,3,360.9734879655109
212,新年夜(12月30日),2013-12-30,Monday,3,188.5502795945571
212,普通周末,2013-11-17,Sunday,4,288.9601346663407
212,新年夜(12月30日),2013-12-30,Monday,4,209.04859951907127
212,普通周末,2013-11-17,Sunday,5,266.95945595854494
212,新年夜(12月30日),2013-12-30,Monday,5,178.1744607743526
212,普通周末,2013-11-17,Sunday,6,246.40901263175908
212,新年夜(12月30日),2013-12-30,Monday,6,301.7285424234737
212,普通周末,2013-11-17,Sunday,7,262.3445248449686
212,新年夜(12月30日),2013-12-30,Monday,7,582.7613823848686
212,普通周末,2013-11-17,Sunday,8,567.2433950792713
212,新年夜(12月30日),2013-12-30,Monday,8,1333.8218280279095
212,普通周末,2013-11-17,Sunday,9,1003.7940031547448
212,新年夜(12月30日),2013-12-30,Monday,9,2559.251239203437
212,普通周末,2013-11-17,Sunday,10,1431.7384193309663
212,新年夜(12月30日),2013-12-30,Monday,10,2966.7848047421107
212,普通周末,2013-11-17,Sunday,11,1925.5235165172762
212,新年夜(12月30日),2013-12-30,Monday,11,3349.3938739921487
212,普通周末,2013-11-17,Sunday,12,1872.4601491818103
212,新年夜(12月30日),2013-12-30,Monday,12,3527.3134275872044
212,普通周末,2013-11-17,Sunday,13,1645.291662655729
212,新年夜(12月30日),2013-12-30,Monday,13,2901.530382924159
212,普通周末,2013-11-17,Sunday,14,1455.765788654887
212,新年夜(12月30日),2013-12-30,Monday,14,2795.5070182647696
212,普通周末,2013-11-17,Sunday,15,1775.2826396281898
212,新年夜(12月30日),2013-12-30,Monday,15,2908.943388924738
212,普通周末,2013-11-17,Sunday,16,2158.1033329640995
212,新年夜(12月30日),2013-12-30,Monday,16,3142.597601180235
212,普通周末,2013-11-17,Sunday,17,2203.4144081735694
212,新年夜(12月30日),2013-12-30,Monday,17,3034.228912547392
212,普通周末,2013-11-17,Sunday,18,2347.945271155206
212,新年夜(12月30日),2013-12-30,Monday,18,2746.691526140081
212,普通周末,2013-11-17,Sunday,19,2196.561742611931
212,新年夜(12月30日),2013-12-30,Monday,19,1836.833989052025
212,普通周末,2013-11-17,Sunday,20,1476.5260322412935
212,新年夜(12月30日),2013-12-30,Monday,20,1139.6516372688907
212,普通周末,2013-11-17,Sunday,21,1121.5280362600292
212,新年夜(12月30日),2013-12-30,Monday,21,818.403495352257
212,普通周末,2013-11-17,Sunday,22,752.8660647290735
212,新年夜(12月30日),2013-12-30,Monday,22,560.2173751457899
212,普通周末,2013-11-17,Sunday,23,514.6460765921022
212,新年夜(12月30日),2013-12-30,Monday,23,408.65134655967205
229,普通工作日,2013-11-13,Wednesday,0,285.23049726568775
229,圣诞假期开始,2013-12-23,Monday,0,347.25166386895523
229,普通工作日,2013-11-13,Wednesday,1,194.70280351287656
229,圣诞假期开始,2013-12-23,Monday,1,199.16428464935817
229,普通工作日,2013-11-13,Wednesday,2,150.43816728773632
229,圣诞假期开始,2013-12-23,Monday,2,238.4332590529027
229,普通工作日,2013-11-13,Wednesday,3,158.00732364453526
229,圣诞假期开始,2013-12-23,Monday,3,126.60226557857769
229,普通工作日,2013-11-13,Wednesday,4,131.03324922159226
229,圣诞假期开始,2013-12-23,Monday,4,133.91059990835262
229,普通工作日,2013-11-13,Wednesday,5,160.12959751741897
229,圣诞假期开始,2013-12-23,Monday,5,197.10993999780698
229,普通工作日,2013-11-13,Wednesday,6,358.4302606315032
229,圣诞假期开始,2013-12-23,Monday,6,277.57989689267197
229,普通工作日,2013-11-13,Wednesday,7,1097.1493286123805
229,圣诞假期开始,2013-12-23,Monday,7,589.7352651930137
229,普通工作日,2013-11-13,Wednesday,8,2415.511187890436
229,圣诞假期开始,2013-12-23,Monday,8,2023.9037391913112
229,普通工作日,2013-11-13,Wednesday,9,3175.6588735275645
229,圣诞假期开始,2013-12-23,Monday,9,3193.32280189889
229,普通工作日,2013-11-13,Wednesday,10,3292.882442095382
229,圣诞假期开始,2013-12-23,Monday,10,3685.0434728994023
229,普通工作日,2013-11-13,Wednesday,11,3601.7449995912584
229,圣诞假期开始,2013-12-23,Monday,11,3702.109621601537
229,普通工作日,2013-11-13,Wednesday,12,3512.0489479244175
229,圣诞假期开始,2013-12-23,Monday,12,3530.3173314313117
229,普通工作日,2013-11-13,Wednesday,13,2355.8062506862143
229,圣诞假期开始,2013-12-23,Monday,13,2894.6687163384845
229,普通工作日,2013-11-13,Wednesday,14,3252.017944237427
229,圣诞假期开始,2013-12-23,Monday,14,3227.368644610207
229,普通工作日,2013-11-13,Wednesday,15,3216.137735304487
229,圣诞假期开始,2013-12-23,Monday,15,2884.380346289798
229,普通工作日,2013-11-13,Wednesday,16,3375.916685830091
229,圣诞假期开始,2013-12-23,Monday,16,3730.744781006081
229,普通工作日,2013-11-13,Wednesday,17,3726.8338375509616
229,圣诞假期开始,2013-12-23,Monday,17,3516.1750543347634
229,普通工作日,2013-11-13,Wednesday,18,3404.4481642933224
229,圣诞假期开始,2013-12-23,Monday,18,3043.6516190442917
229,普通工作日,2013-11-13,Wednesday,19,2869.4245162532707
229,圣诞假期开始,2013-12-23,Monday,19,2543.0128043621157
229,普通工作日,2013-11-13,Wednesday,20,2138.6619916422032
229,圣诞假期开始,2013-12-23,Monday,20,1765.9835322563279
229,普通工作日,2013-11-13,Wednesday,21,1281.8318454455498
229,圣诞假期开始,2013-12-23,Monday,21,1327.9369107235373
229,普通工作日,2013-11-13,Wednesday,22,811.9730550427574
229,圣诞假期开始,2013-12-23,Monday,22,757.5857220879859
229,普通工作日,2013-11-13,Wednesday,23,544.677272484259
229,圣诞假期开始,2013-12-23,Monday,23,543.9347017477371
229,普通周末,2013-11-17,Sunday,0,459.4000880903451
229,平安夜,2013-12-24,Tuesday,0,355.94533748001953
229,普通周末,2013-11-17,Sunday,1,218.8822914790707
229,平安夜,2013-12-24,Tuesday,1,264.50123539032717
229,普通周末,2013-11-17,Sunday,2,162.65619662667814
229,平安夜,2013-12-24,Tuesday,2,232.58457349375746
229,普通周末,2013-11-17,Sunday,3,172.78389556998832
229,平安夜,2013-12-24,Tuesday,3,169.7806106852871
229,普通周末,2013-11-17,Sunday,4,213.6990517672484
229,平安夜,2013-12-24,Tuesday,4,147.60055186152022
229,普通周末,2013-11-17,Sunday,5,152.84760334021877
229,平安夜,2013-12-24,Tuesday,5,134.99738686754588
229,普通周末,2013-11-17,Sunday,6,143.0598299802741
229,平安夜,2013-12-24,Tuesday,6,198.1047932602027
229,普通周末,2013-11-17,Sunday,7,238.652737462765
229,平安夜,2013-12-24,Tuesday,7,428.0279296049761
229,普通周末,2013-11-17,Sunday,8,458.3857703430324
229,平安夜,2013-12-24,Tuesday,8,1120.0824372482205
229,普通周末,2013-11-17,Sunday,9,888.4341541562312
229,平安夜,2013-12-24,Tuesday,9,2552.6467464321754
229,普通周末,2013-11-17,Sunday,10,1480.7550837104939
229,平安夜,2013-12-24,Tuesday,10,3124.43718211478
229,普通周末,2013-11-17,Sunday,11,1849.0338189432284
229,平安夜,2013-12-24,Tuesday,11,3407.800322244523
229,普通周末,2013-11-17,Sunday,12,1978.9151282097007
229,平安夜,2013-12-24,Tuesday,12,3244.0790318390464
229,普通周末,2013-11-17,Sunday,13,1320.2509004157887
229,平安夜,2013-12-24,Tuesday,13,2257.3774391695433
229,普通周末,2013-11-17,Sunday,14,1070.0247974778258
229,平安夜,2013-12-24,Tuesday,14,2131.748136206838
229,普通周末,2013-11-17,Sunday,15,1218.402983682147
229,平安夜,2013-12-24,Tuesday,15,2200.9285207369644
229,普通周末,2013-11-17,Sunday,16,1352.1670069573856
229,平安夜,2013-12-24,Tuesday,16,2761.39969569542
229,普通周末,2013-11-17,Sunday,17,1557.1712208040453
229,平安夜,2013-12-24,Tuesday,17,2741.3336489136077
229,普通周末,2013-11-17,Sunday,18,1653.4707945433022
229,平安夜,2013-12-24,Tuesday,18,2147.261941630789
229,普通周末,2013-11-17,Sunday,19,1603.347175397602
229,平安夜,2013-12-24,Tuesday,19,2225.6987794801435
229,普通周末,2013-11-17,Sunday,20,1368.3075388726757
229,平安夜,2013-12-24,Tuesday,20,1195.1194225251493
229,普通周末,2013-11-17,Sunday,21,822.0370311487719
229,平安夜,2013-12-24,Tuesday,21,811.887830903724
229,普通周末,2013-11-17,Sunday,22,647.5494652356653
229,平安夜,2013-12-24,Tuesday,22,610.0484849698223
229,普通周末,2013-11-17,Sunday,23,452.4380007926984
229,平安夜,2013-12-24,Tuesday,23,572.8581282368469
229,普通工作日,2013-11-13,Wednesday,0,285.23049726568775
229,圣诞节,2013-12-25,Wednesday,0,459.75352159482935
229,普通工作日,2013-11-13,Wednesday,1,194.70280351287656
229,圣诞节,2013-12-25,Wednesday,1,314.0724807114806
229,普通工作日,2013-11-13,Wednesday,2,150.43816728773632
229,圣诞节,2013-12-25,Wednesday,2,274.6157280781209
229,普通工作日,2013-11-13,Wednesday,3,158.00732364453526
229,圣诞节,2013-12-25,Wednesday,3,207.09041694564243
229,普通工作日,2013-11-13,Wednesday,4,131.03324922159226
229,圣诞节,2013-12-25,Wednesday,4,141.9725737459573
229,普通工作日,2013-11-13,Wednesday,5,160.12959751741897
229,圣诞节,2013-12-25,Wednesday,5,146.40365664385243
229,普通工作日,2013-11-13,Wednesday,6,358.4302606315032
229,圣诞节,2013-12-25,Wednesday,6,207.4108858357074
229,普通工作日,2013-11-13,Wednesday,7,1097.1493286123805
229,圣诞节,2013-12-25,Wednesday,7,253.53691244507664
229,普通工作日,2013-11-13,Wednesday,8,2415.511187890436
229,圣诞节,2013-12-25,Wednesday,8,362.3088497185941
229,普通工作日,2013-11-13,Wednesday,9,3175.6588735275645
229,圣诞节,2013-12-25,Wednesday,9,997.4438499384024
229,普通工作日,2013-11-13,Wednesday,10,3292.882442095382
229,圣诞节,2013-12-25,Wednesday,10,1931.7038968279278
229,普通工作日,2013-11-13,Wednesday,11,3601.7449995912584
229,圣诞节,2013-12-25,Wednesday,11,2697.99166524566
229,普通工作日,2013-11-13,Wednesday,12,3512.0489479244175
229,圣诞节,2013-12-25,Wednesday,12,2847.7178385079656
229,普通工作日,2013-11-13,Wednesday,13,2355.8062506862143
229,圣诞节,2013-12-25,Wednesday,13,1432.3193015849615
229,普通工作日,2013-11-13,Wednesday,14,3252.017944237427
229,圣诞节,2013-12-25,Wednesday,14,700.7969148004108
229,普通工作日,2013-11-13,Wednesday,15,3216.137735304487
229,圣诞节,2013-12-25,Wednesday,15,855.686374119347
229,普通工作日,2013-11-13,Wednesday,16,3375.916685830091
229,圣诞节,2013-12-25,Wednesday,16,1073.2264048740983
229,普通工作日,2013-11-13,Wednesday,17,3726.8338375509616
229,圣诞节,2013-12-25,Wednesday,17,1418.7318904984481
229,普通工作日,2013-11-13,Wednesday,18,3404.4481642933224
229,圣诞节,2013-12-25,Wednesday,18,1356.6917864136908
229,普通工作日,2013-11-13,Wednesday,19,2869.4245162532707
229,圣诞节,2013-12-25,Wednesday,19,1363.5251462078807
229,普通工作日,2013-11-13,Wednesday,20,2138.6619916422032
229,圣诞节,2013-12-25,Wednesday,20,1217.5423260796215
229,普通工作日,2013-11-13,Wednesday,21,1281.8318454455498
229,圣诞节,2013-12-25,Wednesday,21,1102.900548279361
229,普通工作日,2013-11-13,Wednesday,22,811.9730550427574
229,圣诞节,2013-12-25,Wednesday,22,646.5342149051583
229,普通工作日,2013-11-13,Wednesday,23,544.677272484259
229,圣诞节,2013-12-25,Wednesday,23,400.9278028516066
229,普通周末,2013-11-17,Sunday,0,459.4000880903451
229,新年夜(12月30日),2013-12-30,Monday,0,269.39576749364574
229,普通周末,2013-11-17,Sunday,1,218.8822914790707
229,新年夜(12月30日),2013-12-30,Monday,1,146.57082825045225
229,普通周末,2013-11-17,Sunday,2,162.65619662667814
229,新年夜(12月30日),2013-12-30,Monday,2,139.19800471877764
229,普通周末,2013-11-17,Sunday,3,172.78389556998832
229,新年夜(12月30日),2013-12-30,Monday,3,106.66458214144214
229,普通周末,2013-11-17,Sunday,4,213.6990517672484
229,新年夜(12月30日),2013-12-30,Monday,4,128.15938101691026
229,普通周末,2013-11-17,Sunday,5,152.84760334021877
229,新年夜(12月30日),2013-12-30,Monday,5,207.66734991663247
229,普通周末,2013-11-17,Sunday,6,143.0598299802741
229,新年夜(12月30日),2013-12-30,Monday,6,240.71655002633923
229,普通周末,2013-11-17,Sunday,7,238.652737462765
229,新年夜(12月30日),2013-12-30,Monday,7,426.3714574670406
229,普通周末,2013-11-17,Sunday,8,458.3857703430324
229,新年夜(12月30日),2013-12-30,Monday,8,1021.9710828473961
229,普通周末,2013-11-17,Sunday,9,888.4341541562312
229,新年夜(12月30日),2013-12-30,Monday,9,1696.3213758986053
229,普通周末,2013-11-17,Sunday,10,1480.7550837104939
229,新年夜(12月30日),2013-12-30,Monday,10,2364.5871433006864
229,普通周末,2013-11-17,Sunday,11,1849.0338189432284
229,新年夜(12月30日),2013-12-30,Monday,11,2731.7637455604695
229,普通周末,2013-11-17,Sunday,12,1978.9151282097007
229,新年夜(12月30日),2013-12-30,Monday,12,2244.7731029342494
229,普通周末,2013-11-17,Sunday,13,1320.2509004157887
229,新年夜(12月30日),2013-12-30,Monday,13,1930.5850922265677
229,普通周末,2013-11-17,Sunday,14,1070.0247974778258
229,新年夜(12月30日),2013-12-30,Monday,14,1784.0905412137695
229,普通周末,2013-11-17,Sunday,15,1218.402983682147
229,新年夜(12月30日),2013-12-30,Monday,15,1765.180877409148
229,普通周末,2013-11-17,Sunday,16,1352.1670069573856
229,新年夜(12月30日),2013-12-30,Monday,16,2015.425246054419
229,普通周末,2013-11-17,Sunday,17,1557.1712208040453
229,新年夜(12月30日),2013-12-30,Monday,17,2275.8800341411084
229,普通周末,2013-11-17,Sunday,18,1653.4707945433022
229,新年夜(12月30日),2013-12-30,Monday,18,2097.4693717621453
229,普通周末,2013-11-17,Sunday,19,1603.347175397602
229,新年夜(12月30日),2013-12-30,Monday,19,1643.7682349099252
229,普通周末,2013-11-17,Sunday,20,1368.3075388726757
229,新年夜(12月30日),2013-12-30,Monday,20,1180.3289145921447
229,普通周末,2013-11-17,Sunday,21,822.0370311487719
229,新年夜(12月30日),2013-12-30,Monday,21,898.9730135748366
229,普通周末,2013-11-17,Sunday,22,647.5494652356653
229,新年夜(12月30日),2013-12-30,Monday,22,509.7334670140443
229,普通周末,2013-11-17,Sunday,23,452.4380007926984
229,新年夜(12月30日),2013-12-30,Monday,23,442.1239624180542
