slot,hour,row,col,avg_traffic
早高峰,8,0,0,95.67374881869131
早高峰,8,0,1,104.38857315513603
早高峰,8,0,2,39.05911436977319
早高峰,8,0,3,45.087134610974196
早高峰,8,0,4,57.96224347941371
早高峰,8,0,5,56.96960198747104
早高峰,8,0,6,63.061299913130874
早高峰,8,0,7,111.54020766879061
早高峰,8,0,8,167.1319502390873
早高峰,8,0,9,330.0775109844847
早高峰,8,0,10,158.64642730453951
早高峰,8,0,11,116.03242153019544
早高峰,8,0,12,135.87090972564854
早高峰,8,0,13,198.419628914948
早高峰,8,0,14,119.72765702430542
早高峰,8,0,15,105.6281277736863
早高峰,8,0,16,58.260979622342056
早高峰,8,0,17,62.45388556313279
早高峰,8,0,18,106.25299389591059
早高峰,8,0,19,158.338465342888
早高峰,8,1,0,41.018764727777125
早高峰,8,1,1,39.54521698394659
早高峰,8,1,2,39.08880630995817
早高峰,8,1,3,41.52552594353297
早高峰,8,1,4,55.0048184154507
早高峰,8,1,5,53.940514846867345
早高峰,8,1,6,65.69339655048262
早高峰,8,1,7,136.57694089381505
早高峰,8,1,8,157.4286979533953
早高峰,8,1,9,433.3254182028762
早高峰,8,1,10,560.2626343641193
早高峰,8,1,11,299.2232404376662
早高峰,8,1,12,332.1196590263906
早高峰,8,1,13,324.06360689523564
早高峰,8,1,14,132.36432747196764
早高峰,8,1,15,130.6269001896966
早高峰,8,1,16,98.06814907052008
早高峰,8,1,17,58.86963752085625
早高峰,8,1,18,79.26748850685411
早高峰,8,1,19,120.09601986442573
早高峰,8,2,0,43.36784259915704
早高峰,8,2,1,43.12195181235802
早高峰,8,2,2,55.9191639671618
早高峰,8,2,3,53.793880657299
早高峰,8,2,4,52.47223917831708
早高峰,8,2,5,51.04685062032378
早高峰,8,2,6,78.77958805295118
早高峰,8,2,7,148.42434140673853
早高峰,8,2,8,167.01279765241785
早高峰,8,2,9,713.3024520261517
早高峰,8,2,10,817.2834588187555
早高峰,8,2,11,352.331347542083
早高峰,8,2,12,289.6212871452515
早高峰,8,2,13,306.4373910843311
早高峰,8,2,14,191.32896881293766
早高峰,8,2,15,150.20564692825903
早高峰,8,2,16,202.62006192867062
早高峰,8,2,17,208.51567086103555
早高峰,8,2,18,149.9570127788907
早高峰,8,2,19,220.1285438062373
早高峰,8,3,0,46.36464099168711
早高峰,8,3,1,63.373586256919495
早高峰,8,3,2,102.83368020247067
早高峰,8,3,3,100.15185204232706
早高峰,8,3,4,80.91557516487427
早高峰,8,3,5,91.52644538500321
早高峰,8,3,6,73.43465914669812
早高峰,8,3,7,136.6820761143854
早高峰,8,3,8,268.91911310735213
早高峰,8,3,9,523.2115381873822
早高峰,8,3,10,447.71759735231075
早高峰,8,3,11,192.20972382068788
早高峰,8,3,12,94.45202420403416
早高峰,8,3,13,234.25249269570273
早高峰,8,3,14,189.9549017064614
早高峰,8,3,15,168.45208541921798
早高峰,8,3,16,428.0083837806726
早高峰,8,3,17,427.33062912028737
早高峰,8,3,18,336.921119249955
早高峰,8,3,19,230.63480966153253
早高峰,8,4,0,54.083141242413575
早高峰,8,4,1,129.95954044101865
早高峰,8,4,2,136.97443287634283
早高峰,8,4,3,140.0374171210554
早高峰,8,4,4,130.5002862097984
早高峰,8,4,5,94.895423873034
早高峰,8,4,6,164.97327165035375
早高峰,8,4,7,390.14188167389455
早高峰,8,4,8,358.06407299449313
早高峰,8,4,9,436.94608259870864
早高峰,8,4,10,320.1599367462371
早高峰,8,4,11,146.83404902464528
早高峰,8,4,12,222.95129528802462
早高峰,8,4,13,282.4474158916392
早高峰,8,4,14,123.8994767623352
早高峰,8,4,15,181.462741301295
早高峰,8,4,16,559.389295612083
早高峰,8,4,17,459.7517076884065
早高峰,8,4,18,242.24305695194505
早高峰,8,4,19,142.56048243974325
早高峰,8,5,0,79.67923536317103
早高峰,8,5,1,149.87346979371506
早高峰,8,5,2,175.32391589824962
早高峰,8,5,3,239.185942107179
早高峰,8,5,4,246.33366989214085
早高峰,8,5,5,277.9996129086301
早高峰,8,5,6,574.6860115874399
早高峰,8,5,7,443.84198581498435
早高峰,8,5,8,190.68623262266752
早高峰,8,5,9,166.10742363872177
早高峰,8,5,10,540.1130823292447
早高峰,8,5,11,334.6225614988904
早高峰,8,5,12,269.0613734021459
早高峰,8,5,13,253.19584954543274
早高峰,8,5,14,114.63852684973514
早高峰,8,5,15,220.06587506644425
早高峰,8,5,16,587.5360938697158
早高峰,8,5,17,595.6560947913855
早高峰,8,5,18,304.11267281640187
早高峰,8,5,19,225.16212147925225
早高峰,8,6,0,32.17750881877638
早高峰,8,6,1,111.70956170213644
早高峰,8,6,2,164.09143175228502
早高峰,8,6,3,569.4744961393585
早高峰,8,6,4,499.5195894207226
早高峰,8,6,5,441.8325801935973
早高峰,8,6,6,802.171138450649
早高峰,8,6,7,516.9257261535755
早高峰,8,6,8,101.42355769540539
早高峰,8,6,9,235.42743091603768
早高峰,8,6,10,579.2371435759799
早高峰,8,6,11,411.8571349992287
早高峰,8,6,12,338.2868099043764
早高峰,8,6,13,334.59616245676284
早高峰,8,6,14,206.8047949477656
早高峰,8,6,15,352.6965970611136
早高峰,8,6,16,724.6602700372808
早高峰,8,6,17,395.83757706499625
早高峰,8,6,18,321.1600308313602
早高峰,8,6,19,275.37628071940605
早高峰,8,7,0,40.85328400457721
早高峰,8,7,1,114.52234989737212
早高峰,8,7,2,166.47350605287798
早高峰,8,7,3,250.11171718960392
早高峰,8,7,4,380.39112994546286
早高峰,8,7,5,724.3860526997486
早高峰,8,7,6,1000.7660772419604
早高峰,8,7,7,614.6871323602165
早高峰,8,7,8,446.65758569060614
早高峰,8,7,9,1272.8492311128116
早高峰,8,7,10,1302.791141499582
早高峰,8,7,11,1383.1778563128812
早高峰,8,7,12,1100.1532064399541
早高峰,8,7,13,860.7546305659105
早高峰,8,7,14,771.8600388861464
早高峰,8,7,15,519.8966529054711
早高峰,8,7,16,472.5491093402272
早高峰,8,7,17,314.99457626302484
早高峰,8,7,18,281.8613948578099
早高峰,8,7,19,258.58451287186074
早高峰,8,8,0,73.15496115796103
早高峰,8,8,1,108.46787128679016
早高峰,8,8,2,137.9254993292744
早高峰,8,8,3,173.60258776910987
早高峰,8,8,4,438.32289037122626
早高峰,8,8,5,994.4409137024546
早高峰,8,8,6,630.4798073708677
早高峰,8,8,7,728.9806000660778
早高峰,8,8,8,1120.3586534586807
早高峰,8,8,9,1463.9860964241632
早高峰,8,8,10,1439.6607081383868
早高峰,8,8,11,1872.4111361282712
早高峰,8,8,12,1627.9679977374424
早高峰,8,8,13,1501.735720485675
早高峰,8,8,14,668.6852425515093
早高峰,8,8,15,682.9871612811063
早高峰,8,8,16,543.9869087420412
早高峰,8,8,17,186.59821261610077
早高峰,8,8,18,153.57162797652498
早高峰,8,8,19,151.5157790098711
早高峰,8,9,0,41.526448284876714
早高峰,8,9,1,102.62944401681074
早高峰,8,9,2,121.57389304449622
早高峰,8,9,3,188.71289745161985
早高峰,8,9,4,541.7435983102436
早高峰,8,9,5,908.4274754005752
早高峰,8,9,6,540.9978115926148
早高峰,8,9,7,854.8628442962447
早高峰,8,9,8,1462.7747551837404
早高峰,8,9,9,2224.421624769536
早高峰,8,9,10,2422.2883948355416
早高峰,8,9,11,2609.4603931106185
早高峰,8,9,12,2812.682750758136
早高峰,8,9,13,1543.930126744099
早高峰,8,9,14,1016.0001421001799
早高峰,8,9,15,732.007107801143
早高峰,8,9,16,464.9616345727958
早高峰,8,9,17,536.4210769819231
早高峰,8,9,18,425.55719824096263
早高峰,8,9,19,91.09195602530387
早高峰,8,10,0,54.52869861838034
早高峰,8,10,1,36.363166248433224
早高峰,8,10,2,138.57829788930263
早高峰,8,10,3,350.2932905637097
早高峰,8,10,4,458.87224770079087
早高峰,8,10,5,565.8622820338701
早高峰,8,10,6,657.4173987127978
早高峰,8,10,7,590.8095261439529
早高峰,8,10,8,1436.2275177696226
早高峰,8,10,9,2049.4047194157374
早高峰,8,10,10,2533.710000182481
早高峰,8,10,11,2950.697211806944
早高峰,8,10,12,2074.738680215956
早高峰,8,10,13,2308.4555135162095
早高峰,8,10,14,1593.0977299907781
早高峰,8,10,15,566.8646805706301
早高峰,8,10,16,261.8238607817892
早高峰,8,10,17,446.44889590338073
早高峰,8,10,18,238.44256052052103
早高峰,8,10,19,281.33733740220237
早高峰,8,11,0,102.38287941658992
早高峰,8,11,1,83.11805204716842
早高峰,8,11,2,140.75477679302912
早高峰,8,11,3,193.2741862706619
早高峰,8,11,4,248.15901103524615
早高峰,8,11,5,266.84218415541244
早高峰,8,11,6,224.8963468713885
早高峰,8,11,7,466.8160110829016
早高峰,8,11,8,1146.5913910758693
早高峰,8,11,9,1785.0869262871354
早高峰,8,11,10,2052.2077505598477
早高峰,8,11,11,2097.144365516414
早高峰,8,11,12,1903.5740683132537
早高峰,8,11,13,2148.266045474688
早高峰,8,11,14,1632.0602177279702
早高峰,8,11,15,773.7823534090555
早高峰,8,11,16,329.32485092906524
早高峰,8,11,17,278.33571536651647
早高峰,8,11,18,247.4862576972797
早高峰,8,11,19,407.8708535115488
早高峰,8,12,0,214.54979885393792
早高峰,8,12,1,216.62239371292517
早高峰,8,12,2,231.49539150864496
早高峰,8,12,3,385.9656060381105
早高峰,8,12,4,147.9070134140114
早高峰,8,12,5,144.1613521953074
早高峰,8,12,6,263.8834598129194
早高峰,8,12,7,542.8821892604124
早高峰,8,12,8,862.7244719310098
早高峰,8,12,9,2014.0334860328428
早高峰,8,12,10,1664.1835278871156
早高峰,8,12,11,2229.2847238666495
早高峰,8,12,12,2290.8285557937
早高峰,8,12,13,1850.1267570846203
早高峰,8,12,14,1931.0208855182975
早高峰,8,12,15,901.4645041577426
早高峰,8,12,16,418.67722312598005
早高峰,8,12,17,377.8215180675773
早高峰,8,12,18,442.57370268037556
早高峰,8,12,19,634.421380813005
早高峰,8,13,0,186.26976795753316
早高峰,8,13,1,248.33597980141005
早高峰,8,13,2,193.6298793693119
早高峰,8,13,3,276.6243183835395
早高峰,8,13,4,273.5739686658898
早高峰,8,13,5,332.65099296560567
早高峰,8,13,6,528.1234906063471
早高峰,8,13,7,652.4691705298347
早高峰,8,13,8,588.8741563246236
早高峰,8,13,9,1134.7144041981837
早高峰,8,13,10,1218.997624468098
早高峰,8,13,11,1585.7150157098195
早高峰,8,13,12,1516.3844864993987
早高峰,8,13,13,993.8041943045376
早高峰,8,13,14,1571.973632341703
早高峰,8,13,15,682.8986965863448
早高峰,8,13,16,582.5989744291095
早高峰,8,13,17,541.7554129109819
早高峰,8,13,18,586.9313981607032
早高峰,8,13,19,437.8934184907901
早高峰,8,14,0,300.58174587549996
早高峰,8,14,1,310.21818179069123
早高峰,8,14,2,255.44592262122327
早高峰,8,14,3,352.7962576806453
早高峰,8,14,4,564.3670209557874
早高峰,8,14,5,725.5430624048412
早高峰,8,14,6,453.5255070421837
早高峰,8,14,7,740.5499004951877
早高峰,8,14,8,915.4501421015415
早高峰,8,14,9,483.08083311556885
早高峰,8,14,10,735.0903089787834
早高峰,8,14,11,1508.9210785027549
早高峰,8,14,12,1252.3519588556624
早高峰,8,14,13,1010.1773565892455
早高峰,8,14,14,1002.3809799039238
早高峰,8,14,15,703.0332802190406
早高峰,8,14,16,764.1819600766204
早高峰,8,14,17,662.4019378329267
早高峰,8,14,18,566.4670724066962
早高峰,8,14,19,292.7718233063843
早高峰,8,15,0,268.0000512864544
早高峰,8,15,1,366.12957737403906
早高峰,8,15,2,477.31876575737095
早高峰,8,15,3,404.1540530075847
早高峰,8,15,4,646.4107187688587
早高峰,8,15,5,546.2551815188494
早高峰,8,15,6,646.9829984439178
早高峰,8,15,7,785.5756094669445
早高峰,8,15,8,868.5361292005957
早高峰,8,15,9,622.7112186717211
早高峰,8,15,10,868.4005977155789
早高峰,8,15,11,641.3943269392629
早高峰,8,15,12,644.8571353584158
早高峰,8,15,13,1071.5605232498438
早高峰,8,15,14,893.7937861700152
早高峰,8,15,15,461.0420939431216
早高峰,8,15,16,684.5512577719909
早高峰,8,15,17,787.4989834583156
早高峰,8,15,18,634.6930009452705
早高峰,8,15,19,246.45180617374308
早高峰,8,16,0,351.1093495301658
早高峰,8,16,1,506.8161899269919
早高峰,8,16,2,653.1011686369226
早高峰,8,16,3,390.7970500723276
早高峰,8,16,4,459.8110107971735
早高峰,8,16,5,281.7733713730621
早高峰,8,16,6,551.4166863587337
早高峰,8,16,7,604.8923968809789
早高峰,8,16,8,718.995842811326
早高峰,8,16,9,594.337139764443
早高峰,8,16,10,785.6269460321713
早高峰,8,16,11,581.5367041404758
早高峰,8,16,12,520.1282317786495
早高峰,8,16,13,901.9614426115077
早高峰,8,16,14,1470.4355203641728
早高峰,8,16,15,1003.9550688987799
早高峰,8,16,16,679.6845801862409
早高峰,8,16,17,1016.2861497651145
早高峰,8,16,18,661.183318881228
早高峰,8,16,19,315.28392825366666
早高峰,8,17,0,434.5873921914163
早高峰,8,17,1,382.42381394801225
早高峰,8,17,2,483.52879970620853
早高峰,8,17,3,430.3039315284411
早高峰,8,17,4,343.0224435256616
早高峰,8,17,5,317.21501491740935
早高峰,8,17,6,662.7879626036943
早高峰,8,17,7,682.1415901796528
早高峰,8,17,8,437.12594081300483
早高峰,8,17,9,463.4926498335885
早高峰,8,17,10,939.0067119361646
早高峰,8,17,11,1046.5283959896665
早高峰,8,17,12,860.9172522137873
早高峰,8,17,13,779.3794479218836
早高峰,8,17,14,1385.964334316133
早高峰,8,17,15,762.7164871345188
早高峰,8,17,16,468.9257234249326
早高峰,8,17,17,591.0764104703646
早高峰,8,17,18,607.0187049262316
早高峰,8,17,19,466.9737396184131
早高峰,8,18,0,308.8630348656718
早高峰,8,18,1,225.44467461541691
早高峰,8,18,2,221.77210053787306
早高峰,8,18,3,307.73933313849676
早高峰,8,18,4,361.0342579163159
早高峰,8,18,5,288.3123919419501
早高峰,8,18,6,288.90114150152823
早高峰,8,18,7,357.35824434364787
早高峰,8,18,8,293.93839381551885
早高峰,8,18,9,390.2360304323977
早高峰,8,18,10,571.0990356414222
早高峰,8,18,11,819.0078219951314
早高峰,8,18,12,669.3165223357388
早高峰,8,18,13,1471.9737461326913
早高峰,8,18,14,1115.999779846162
早高峰,8,18,15,734.0200424529482
早高峰,8,18,16,770.1643300108641
早高峰,8,18,17,540.3709592018088
早高峰,8,18,18,472.4797005207161
早高峰,8,18,19,530.8111187652727
早高峰,8,19,0,141.1753530838876
早高峰,8,19,1,76.6011984911094
早高峰,8,19,2,105.1668213823057
早高峰,8,19,3,219.6929104902212
早高峰,8,19,4,296.39363467729277
早高峰,8,19,5,208.14313412026348
早高峰,8,19,6,134.95309316820465
早高峰,8,19,7,96.62163807688609
早高峰,8,19,8,260.4426905428202
早高峰,8,19,9,553.944476708646
早高峰,8,19,10,496.39875977875505
早高峰,8,19,11,612.4658104496526
早高峰,8,19,12,487.5561746018532
早高峰,8,19,13,681.8161544136716
早高峰,8,19,14,701.6751118576927
早高峰,8,19,15,699.7456862106899
早高峰,8,19,16,756.3543778637612
早高峰,8,19,17,534.9517674514459
早高峰,8,19,18,364.1179190371267
早高峰,8,19,19,381.78529434925935
晚高峰,18,0,0,166.22917546722567
晚高峰,18,0,1,181.05616337129985
晚高峰,18,0,2,66.02528026997494
晚高峰,18,0,3,69.5125142092778
晚高峰,18,0,4,93.37650413752765
晚高峰,18,0,5,102.72642921778615
晚高峰,18,0,6,111.13584147581805
晚高峰,18,0,7,163.66881576869176
晚高峰,18,0,8,280.10831996464645
晚高峰,18,0,9,665.4135200840321
晚高峰,18,0,10,279.7156893633682
晚高峰,18,0,11,205.12529186629553
晚高峰,18,0,12,241.66150949355426
晚高峰,18,0,13,403.56001387963613
晚高峰,18,0,14,228.90649538473082
晚高峰,18,0,15,204.77265795303484
晚高峰,18,0,16,94.43280689922338
晚高峰,18,0,17,86.8614806459581
晚高峰,18,0,18,132.5709415918254
晚高峰,18,0,19,193.84893975633136
晚高峰,18,1,0,76.7157764673064
晚高峰,18,1,1,70.16679635743998
晚高峰,18,1,2,62.4445438315378
晚高峰,18,1,3,70.13080908151915
晚高峰,18,1,4,103.45471011967966
晚高峰,18,1,5,102.64137638620515
晚高峰,18,1,6,116.47817612135886
晚高峰,18,1,7,225.01903884861676
晚高峰,18,1,8,262.8240985955239
晚高峰,18,1,9,680.7651458326137
晚高峰,18,1,10,805.4637989757209
晚高峰,18,1,11,477.85654771738416
晚高峰,18,1,12,520.1585750715899
晚高峰,18,1,13,591.9864742059074
晚高峰,18,1,14,223.68388602021736
晚高峰,18,1,15,194.94548888704392
晚高峰,18,1,16,132.67842527337538
晚高峰,18,1,17,80.35341501420858
晚高峰,18,1,18,120.91784946485667
晚高峰,18,1,19,279.51159422705246
晚高峰,18,2,0,68.61973026164128
晚高峰,18,2,1,58.25977115286857
晚高峰,18,2,2,80.90827562693333
晚高峰,18,2,3,84.1793072613321
晚高峰,18,2,4,87.00946120867424
晚高峰,18,2,5,81.3390655481383
晚高峰,18,2,6,131.45695161504372
晚高峰,18,2,7,265.6673874997972
晚高峰,18,2,8,306.25821455222814
晚高峰,18,2,9,1242.1381464786393
晚高峰,18,2,10,1265.6049923991634
晚高峰,18,2,11,643.9970310867486
晚高峰,18,2,12,482.612723435832
晚高峰,18,2,13,567.3083219961238
晚高峰,18,2,14,286.2904494437481
晚高峰,18,2,15,192.529264032648
晚高峰,18,2,16,263.24373022435486
晚高峰,18,2,17,298.7535509540938
晚高峰,18,2,18,246.4806290099374
晚高峰,18,2,19,584.4353744127062
晚高峰,18,3,0,62.941259652415766
晚高峰,18,3,1,93.3015302981843
晚高峰,18,3,2,155.25300384400182
晚高峰,18,3,3,144.30216762969843
晚高峰,18,3,4,132.1987789501469
晚高峰,18,3,5,140.4770712594707
晚高峰,18,3,6,126.40756510291133
晚高峰,18,3,7,195.69416248700972
晚高峰,18,3,8,497.4087877314597
晚高峰,18,3,9,915.9627785786017
晚高峰,18,3,10,1155.9447766813607
晚高峰,18,3,11,846.7390934531991
晚高峰,18,3,12,163.0550699065325
晚高峰,18,3,13,380.22109832740813
晚高峰,18,3,14,317.96451134660913
晚高峰,18,3,15,266.7666026628265
晚高峰,18,3,16,687.6771638369053
晚高峰,18,3,17,690.7049286769139
晚高峰,18,3,18,573.1787681709976
晚高峰,18,3,19,422.2663657855037
晚高峰,18,4,0,86.7677048178292
晚高峰,18,4,1,210.10132335105482
晚高峰,18,4,2,203.15826174632855
晚高峰,18,4,3,208.34530752587978
晚高峰,18,4,4,191.73899746794743
晚高峰,18,4,5,134.69200184183697
晚高峰,18,4,6,265.3147411119004
晚高峰,18,4,7,654.6098277033925
晚高峰,18,4,8,915.1725827321668
晚高峰,18,4,9,1404.4942550998956
晚高峰,18,4,10,592.4043647156718
晚高峰,18,4,11,241.45445470061503
晚高峰,18,4,12,345.40305613754145
晚高峰,18,4,13,337.0274472042839
晚高峰,18,4,14,259.0944788369286
晚高峰,18,4,15,223.5421518337959
晚高峰,18,4,16,825.8767492790339
晚高峰,18,4,17,778.5799927683848
晚高峰,18,4,18,426.8643385107935
晚高峰,18,4,19,247.68317095288776
晚高峰,18,5,0,127.54904938165546
晚高峰,18,5,1,232.47542090276932
晚高峰,18,5,2,260.4487730846395
晚高峰,18,5,3,406.649682240777
晚高峰,18,5,4,371.51968615675673
晚高峰,18,5,5,445.65310503818233
晚高峰,18,5,6,1072.860855616827
晚高峰,18,5,7,818.2087035778247
晚高峰,18,5,8,402.40898195731563
晚高峰,18,5,9,295.0109839137848
晚高峰,18,5,10,955.7148982824273
晚高峰,18,5,11,610.5534316879591
晚高峰,18,5,12,405.8440970281971
晚高峰,18,5,13,377.85995847260875
晚高峰,18,5,14,197.37663177220443
晚高峰,18,5,15,358.8109735145559
晚高峰,18,5,16,901.7123048671364
晚高峰,18,5,17,845.9493439506591
晚高峰,18,5,18,453.63197541268914
晚高峰,18,5,19,453.7588511298244
晚高峰,18,6,0,46.15061270820425
晚高峰,18,6,1,150.01814693832299
晚高峰,18,6,2,243.90444846030994
晚高峰,18,6,3,1072.1747582930723
晚高峰,18,6,4,1163.3528160916283
晚高峰,18,6,5,845.2516970249287
晚高峰,18,6,6,1537.0167693853716
晚高峰,18,6,7,1097.326752452213
晚高峰,18,6,8,210.73148921887926
晚高峰,18,6,9,445.7642981514672
晚高峰,18,6,10,1015.8683512538853
晚高峰,18,6,11,776.790261196908
晚高峰,18,6,12,536.8320944401702
晚高峰,18,6,13,512.251128717234
晚高峰,18,6,14,337.6823797422323
晚高峰,18,6,15,538.8665923921192
晚高峰,18,6,16,1124.304138216864
晚高峰,18,6,17,649.4338015676351
晚高峰,18,6,18,533.3010242191164
晚高峰,18,6,19,544.3889022538492
晚高峰,18,7,0,58.678733800430805
晚高峰,18,7,1,155.47881668508217
晚高峰,18,7,2,210.6932844795393
晚高峰,18,7,3,451.21734445294675
晚高峰,18,7,4,842.8866130964993
晚高峰,18,7,5,1398.9850515824076
晚高峰,18,7,6,1748.741002501671
晚高峰,18,7,7,1092.1999321904962
晚高峰,18,7,8,803.3099211447201
晚高峰,18,7,9,2053.062628218708
晚高峰,18,7,10,1941.5458935771314
晚高峰,18,7,11,2123.7171767448617
晚高峰,18,7,12,1793.3134137502561
晚高峰,18,7,13,1314.7890534626506
晚高峰,18,7,14,1258.776840869961
晚高峰,18,7,15,900.5310561188485
晚高峰,18,7,16,687.8139989250996
晚高峰,18,7,17,439.10664916723493
晚高峰,18,7,18,399.9694464668355
晚高峰,18,7,19,422.4233170931728
晚高峰,18,8,0,121.26720235861863
晚高峰,18,8,1,186.26985775474878
晚高峰,18,8,2,183.70358885586663
晚高峰,18,8,3,329.05522122975924
晚高峰,18,8,4,690.5837444468692
晚高峰,18,8,5,1661.7046774211224
晚高峰,18,8,6,987.4199577439014
晚高峰,18,8,7,1199.4825648872745
晚高峰,18,8,8,2015.176090285666
晚高峰,18,8,9,2560.1278728922357
晚高峰,18,8,10,2434.3830175409466
晚高峰,18,8,11,2931.2950185554832
晚高峰,18,8,12,2809.9947587939478
晚高峰,18,8,13,2637.7333974578314
晚高峰,18,8,14,875.1628076635686
晚高峰,18,8,15,1181.4177950291516
晚高峰,18,8,16,771.1274404077475
晚高峰,18,8,17,240.07487358809178
晚高峰,18,8,18,237.95357548061313
晚高峰,18,8,19,282.4687993716627
晚高峰,18,9,0,64.0594790031043
晚高峰,18,9,1,149.7401308420805
晚高峰,18,9,2,179.98923547247352
晚高峰,18,9,3,323.1302854071755
晚高峰,18,9,4,890.0676111376574
晚高峰,18,9,5,1442.5788824282893
晚高峰,18,9,6,872.7310537133557
晚高峰,18,9,7,1409.05562308882
晚高峰,18,9,8,2517.038540101902
晚高峰,18,9,9,3928.2023134525484
晚高峰,18,9,10,4374.8146486277865
晚高峰,18,9,11,4675.500882231824
晚高峰,18,9,12,3844.849199148628
晚高峰,18,9,13,2828.015739839165
晚高峰,18,9,14,1634.8940245310673
晚高峰,18,9,15,1257.6742507550794
晚高峰,18,9,16,569.2752076968833
晚高峰,18,9,17,570.7900759787403
晚高峰,18,9,18,461.3535927510475
晚高峰,18,9,19,167.7146404086094
晚高峰,18,10,0,78.35768251837695
晚高峰,18,10,1,44.63754171510961
晚高峰,18,10,2,247.50064136604004
晚高峰,18,10,3,562.8454741735092
晚高峰,18,10,4,738.1694113345758
晚高峰,18,10,5,913.0908814164906
晚高峰,18,10,6,951.7100140558614
晚高峰,18,10,7,1007.4531091777284
晚高峰,18,10,8,2630.2828576035145
晚高峰,18,10,9,4043.1371860992167
晚高峰,18,10,10,4125.827079846957
晚高峰,18,10,11,4645.115674280015
晚高峰,18,10,12,3687.1900768254445
晚高峰,18,10,13,3821.902448870845
晚高峰,18,10,14,2700.524813997756
晚高峰,18,10,15,905.3274808814854
晚高峰,18,10,16,405.5863887615657
晚高峰,18,10,17,563.668607845936
晚高峰,18,10,18,413.3293150192095
晚高峰,18,10,19,515.7210639848234
晚高峰,18,11,0,166.29514762215757
晚高峰,18,11,1,131.91314395789757
晚高峰,18,11,2,248.7134491970645
晚高峰,18,11,3,360.0115195490977
晚高峰,18,11,4,355.46279723763587
晚高峰,18,11,5,446.41047242251057
晚高峰,18,11,6,424.52565758741065
晚高峰,18,11,7,817.7912642526054
晚高峰,18,11,8,1843.214996413632
晚高峰,18,11,9,2795.268088282309
晚高峰,18,11,10,4137.8887957190345
晚高峰,18,11,11,4143.848221339785
晚高峰,18,11,12,3064.6087103923655
晚高峰,18,11,13,4232.226843831211
晚高峰,18,11,14,2588.744349892226
晚高峰,18,11,15,1235.3653287491065
晚高峰,18,11,16,459.7104571543025
晚高峰,18,11,17,425.53677386375807
晚高峰,18,11,18,456.30273032043795
晚高峰,18,11,19,658.5641251282925
晚高峰,18,12,0,373.0690144050661
晚高峰,18,12,1,350.65110085612235
晚高峰,18,12,2,357.9014021556194
晚高峰,18,12,3,691.0713041762093
晚高峰,18,12,4,205.70939245732265
晚高峰,18,12,5,246.24722457987258
晚高峰,18,12,6,476.125871011978
晚高峰,18,12,7,868.7522900381342
晚高峰,18,12,8,1527.9356914443988
晚高峰,18,12,9,3028.355741020161
晚高峰,18,12,10,2937.103306133194
晚高峰,18,12,11,3847.1244565728416
晚高峰,18,12,12,3587.081819441458
晚高峰,18,12,13,3170.5775070614545
晚高峰,18,12,14,3200.586709784407
晚高峰,18,12,15,1617.8565162756195
晚高峰,18,12,16,684.6450624449269
晚高峰,18,12,17,604.85355140537
晚高峰,18,12,18,767.5283840648531
晚高峰,18,12,19,896.6129099069676
晚高峰,18,13,0,322.45321989616787
晚高峰,18,13,1,381.02767806815274
晚高峰,18,13,2,283.58630612413407
晚高峰,18,13,3,336.0111494386107
晚高峰,18,13,4,330.7531666685247
晚高峰,18,13,5,560.6612308448236
晚高峰,18,13,6,972.3590530754763
晚高峰,18,13,7,938.758810469342
晚高峰,18,13,8,1020.8545216546312
晚高峰,18,13,9,2020.8842660620255
晚高峰,18,13,10,2214.3768073307147
晚高峰,18,13,11,2699.457508898187
晚高峰,18,13,12,2763.889334129644
晚高峰,18,13,13,1718.8263084582784
晚高峰,18,13,14,2608.653089159049
晚高峰,18,13,15,1173.0200063033567
晚高峰,18,13,16,975.1568045428776
晚高峰,18,13,17,774.4921095977484
晚高峰,18,13,18,1130.6788686502111
晚高峰,18,13,19,667.7978865303618
晚高峰,18,14,0,468.431033560271
晚高峰,18,14,1,428.5972979508064
晚高峰,18,14,2,325.9480710548531
晚高峰,18,14,3,520.6080523629659
晚高峰,18,14,4,972.2637746313941
晚高峰,18,14,5,1140.8900573029214
晚高峰,18,14,6,580.7150085913821
晚高峰,18,14,7,1048.1815436864313
晚高峰,18,14,8,1634.0383819787216
晚高峰,18,14,9,812.6593402625025
晚高峰,18,14,10,1356.7707789937092
晚高峰,18,14,11,2018.5404606669422
晚高峰,18,14,12,2040.5737334272178
晚高峰,18,14,13,1455.3586324783187
晚高峰,18,14,14,1709.3824276295977
晚高峰,18,14,15,1072.4487506208602
晚高峰,18,14,16,1069.3294726711706
晚高峰,18,14,17,962.218788557485
晚高峰,18,14,18,977.8994571237381
晚高峰,18,14,19,568.0459220782564
晚高峰,18,15,0,415.6174403259822
晚高峰,18,15,1,599.12881509594
晚高峰,18,15,2,757.9612355082869
晚高峰,18,15,3,659.4676770847221
晚高峰,18,15,4,1116.4540837042014
晚高峰,18,15,5,610.8283091769948
晚高峰,18,15,6,699.1249754904917
晚高峰,18,15,7,983.196137360524
晚高峰,18,15,8,1531.3727768738609
晚高峰,18,15,9,1311.6099179230253
晚高峰,18,15,10,1638.8751791793006
晚高峰,18,15,11,1122.1167806423764
晚高峰,18,15,12,1104.9681334119591
晚高峰,18,15,13,1638.8121335362946
晚高峰,18,15,14,1377.8105164581352
晚高峰,18,15,15,772.2273118903498
晚高峰,18,15,16,1253.6877168167587
晚高峰,18,15,17,1355.7832333499125
晚高峰,18,15,18,1138.8630853797863
晚高峰,18,15,19,419.4342737317281
晚高峰,18,16,0,563.9904905372337
晚高峰,18,16,1,863.311210780758
晚高峰,18,16,2,1203.4895150636753
晚高峰,18,16,3,668.5625331984173
晚高峰,18,16,4,619.2849622240119
晚高峰,18,16,5,388.28123928501566
晚高峰,18,16,6,1076.6599998146066
晚高峰,18,16,7,897.6808114882657
晚高峰,18,16,8,1316.6824441101355
晚高峰,18,16,9,893.1504535931314
晚高峰,18,16,10,1155.561213824239
晚高峰,18,16,11,994.1353615903241
晚高峰,18,16,12,1020.0342349992374
晚高峰,18,16,13,1629.2797147491576
晚高峰,18,16,14,2549.9090930400876
晚高峰,18,16,15,1709.2424037668131
晚高峰,18,16,16,1211.2138472517324
晚高峰,18,16,17,1706.8167293769477
晚高峰,18,16,18,1083.9541684283172
晚高峰,18,16,19,468.57047454063746
晚高峰,18,17,0,764.9031149369715
晚高峰,18,17,1,580.0387253276248
晚高峰,18,17,2,734.3173239331993
晚高峰,18,17,3,714.6092073474357
晚高峰,18,17,4,573.6766743483179
晚高峰,18,17,5,491.66182885229114
晚高峰,18,17,6,1173.930418169047
晚高峰,18,17,7,1086.68378346191
晚高峰,18,17,8,839.0239328398856
晚高峰,18,17,9,702.1832493382069
晚高峰,18,17,10,1481.178660156186
晚高峰,18,17,11,1966.3896699396778
晚高峰,18,17,12,1594.3247609136718
晚高峰,18,17,13,1163.9403437476024
晚高峰,18,17,14,2321.0314750635966
晚高峰,18,17,15,1314.3189683698777
晚高峰,18,17,16,710.6288644195803
晚高峰,18,17,17,1013.6393199003917
晚高峰,18,17,18,999.9824592330605
晚高峰,18,17,19,766.2795983313664
晚高峰,18,18,0,606.8482199488168
晚高峰,18,18,1,356.63163710174763
晚高峰,18,18,2,342.16926188018414
晚高峰,18,18,3,519.9132453401355
晚高峰,18,18,4,676.5093588073207
晚高峰,18,18,5,497.46124998546844
晚高峰,18,18,6,485.34572286117356
晚高峰,18,18,7,626.5125698033839
晚高峰,18,18,8,497.2425824083665
晚高峰,18,18,9,662.9031202708513
晚高峰,18,18,10,969.875263266223
晚高峰,18,18,11,1514.457945151942
晚高峰,18,18,12,1155.7402321234683
晚高峰,18,18,13,2301.4720473745706
晚高峰,18,18,14,1738.5446408506677
晚高峰,18,18,15,1366.301562199183
晚高峰,18,18,16,1258.900240778479
晚高峰,18,18,17,818.6973632308163
晚高峰,18,18,18,789.5576097153181
晚高峰,18,18,19,1112.785109654803
晚高峰,18,19,0,261.9005454843103
晚高峰,18,19,1,125.80882770918048
晚高峰,18,19,2,173.48859696235738
晚高峰,18,19,3,392.1466748066481
晚高峰,18,19,4,551.9223531371858
晚高峰,18,19,5,387.8669202798728
晚高峰,18,19,6,207.0601077900484
晚高峰,18,19,7,193.6457689229209
晚高峰,18,19,8,458.18675518447776
晚高峰,18,19,9,835.5034164487686
晚高峰,18,19,10,914.8304806311007
晚高峰,18,19,11,1019.5423617353634
晚高峰,18,19,12,863.1371548211256
晚高峰,18,19,13,1247.9426648565814
晚高峰,18,19,14,1168.5529518785263
晚高峰,18,19,15,1128.6504662591958
晚高峰,18,19,16,1240.9005391245844
晚高峰,18,19,17,846.0340312206671
晚高峰,18,19,18,608.0183279206647
晚高峰,18,19,19,720.0162744937847
深夜,2,0,0,5.545993860082707
深夜,2,0,1,6.096535852091677
深夜,2,0,2,3.3515986313264303
深夜,2,0,3,6.351483848465289
深夜,2,0,4,5.39330839108239
深夜,2,0,5,4.848425534322923
深夜,2,0,6,5.718738437987227
深夜,2,0,7,9.554998060786033
深夜,2,0,8,15.779612401896694
深夜,2,0,9,36.55978608073076
深夜,2,0,10,15.865647399236643
深夜,2,0,11,27.428846476037446
深夜,2,0,12,18.881945511196033
深夜,2,0,13,22.106456967674102
深夜,2,0,14,9.332535498375602
深夜,2,0,15,8.25749955625818
深夜,2,0,16,5.401955643451523
深夜,2,0,17,10.247578358028031
深夜,2,0,18,15.047933480378939
深夜,2,0,19,18.571049680548022
深夜,2,1,0,3.821996636148944
深夜,2,1,1,3.448582192038337
深夜,2,1,2,3.219385954336022
深夜,2,1,3,3.184808331525102
深夜,2,1,4,4.858719205668111
深夜,2,1,5,4.950306159024136
深夜,2,1,6,5.60955673847133
深夜,2,1,7,11.789975839831525
深夜,2,1,8,12.83258688094086
深夜,2,1,9,43.566579205591474
深夜,2,1,10,55.62678548421532
深夜,2,1,11,40.55946150630997
深夜,2,1,12,33.4216478559874
深夜,2,1,13,27.28150070772493
深夜,2,1,14,11.075089166817111
深夜,2,1,15,11.096895518065198
深夜,2,1,16,13.94604265558481
深夜,2,1,17,8.095800073807633
深夜,2,1,18,9.866832161228901
深夜,2,1,19,12.166834081456757
深夜,2,2,0,3.53174681701223
深夜,2,2,1,3.3099876210533923
深夜,2,2,2,4.6602604195424835
深夜,2,2,3,3.5099440963853676
深夜,2,2,4,3.615092742165288
深夜,2,2,5,4.579022130473538
深夜,2,2,6,6.599917941840707
深夜,2,2,7,14.814167198933061
深夜,2,2,8,16.147142038361245
深夜,2,2,9,60.6385237111332
深夜,2,2,10,86.69404426951876
深夜,2,2,11,36.20787646191251
深夜,2,2,12,23.088902863564087
深夜,2,2,13,20.421514791998035
深夜,2,2,14,13.886133378763269
深夜,2,2,15,15.34564388030805
深夜,2,2,16,28.194238059399222
深夜,2,2,17,50.04094252961017
深夜,2,2,18,16.494112315580406
深夜,2,2,19,22.93721576909894
深夜,2,3,0,3.7683367304579933
深夜,2,3,1,5.215811787680743
深夜,2,3,2,7.5827715649802405
深夜,2,3,3,7.02838705336639
深夜,2,3,4,5.830810983593219
深夜,2,3,5,7.836357830035019
深夜,2,3,6,11.752439508605148
深夜,2,3,7,17.91419588553706
深夜,2,3,8,23.162784822064296
深夜,2,3,9,43.64608255810396
深夜,2,3,10,59.67450767819025
深夜,2,3,11,32.66334418737076
深夜,2,3,12,15.739538718122224
深夜,2,3,13,17.033151833551806
深夜,2,3,14,13.930535601787279
深夜,2,3,15,15.679747627360666
深夜,2,3,16,54.91494777904668
深夜,2,3,17,51.377798580069616
深夜,2,3,18,31.42689319155071
深夜,2,3,19,20.762965679103903
深夜,2,4,0,4.605219785766896
深夜,2,4,1,7.449853826255083
深夜,2,4,2,8.176010643660046
深夜,2,4,3,8.993188850655347
深夜,2,4,4,10.061467044450323
深夜,2,4,5,10.2174054838378
深夜,2,4,6,19.050730940501243
深夜,2,4,7,44.89595993580447
深夜,2,4,8,38.51268946991266
深夜,2,4,9,41.12645100137429
深夜,2,4,10,33.887378129111084
深夜,2,4,11,14.237838037759097
深夜,2,4,12,30.312915226280566
深夜,2,4,13,16.216838306664258
深夜,2,4,14,9.830047161422977
深夜,2,4,15,15.386054360858607
深夜,2,4,16,47.45527165307905
深夜,2,4,17,49.09059026451728
深夜,2,4,18,21.96797081882992
深夜,2,4,19,13.0529252390745
深夜,2,5,0,5.1503634615110565
深夜,2,5,1,8.347939525013622
深夜,2,5,2,11.769457940710728
深夜,2,5,3,18.564217300740484
深夜,2,5,4,19.533141273587333
深夜,2,5,5,22.998040730981913
深夜,2,5,6,43.46791646519064
深夜,2,5,7,39.47208195562396
深夜,2,5,8,22.50521308577136
深夜,2,5,9,18.531230716007318
深夜,2,5,10,63.4054649632966
深夜,2,5,11,35.747279010205396
深夜,2,5,12,19.584743228066888
深夜,2,5,13,16.330140544000923
深夜,2,5,14,10.580841420735998
深夜,2,5,15,19.021061890152467
深夜,2,5,16,44.637357702164174
深夜,2,5,17,40.20079519176075
深夜,2,5,18,17.555261913962166
深夜,2,5,19,16.594763074606025
深夜,2,6,0,2.888820191396055
深夜,2,6,1,26.626483079370704
深夜,2,6,2,27.155307362879828
深夜,2,6,3,47.03865043604278
深夜,2,6,4,48.795875534748866
深夜,2,6,5,37.20196846799868
深夜,2,6,6,64.63431266039545
深夜,2,6,7,48.03921754925898
深夜,2,6,8,13.24405683661134
深夜,2,6,9,33.28318100252314
深夜,2,6,10,62.66794450046075
深夜,2,6,11,45.79935529982185
深夜,2,6,12,28.588948715499573
深夜,2,6,13,25.66023500737474
深夜,2,6,14,18.163429551117172
深夜,2,6,15,32.53305001649087
深夜,2,6,16,58.3734684672178
深夜,2,6,17,33.96635104196808
深夜,2,6,18,24.590150788445452
深夜,2,6,19,17.579413788295774
深夜,2,7,0,4.18366287269672
深夜,2,7,1,105.42679795397416
深夜,2,7,2,201.06710681793143
深夜,2,7,3,34.28117153331389
深夜,2,7,4,33.88088027588744
深夜,2,7,5,61.504202710242694
深夜,2,7,6,77.19951429981269
深夜,2,7,7,52.57794723075897
深夜,2,7,8,52.510156767699826
深夜,2,7,9,114.19579804729422
深夜,2,7,10,115.51400063588126
深夜,2,7,11,124.28470827317011
深夜,2,7,12,154.22305133049863
深夜,2,7,13,98.74133982689288
深夜,2,7,14,102.60235820377576
深夜,2,7,15,45.312305962081645
深夜,2,7,16,40.448006530704816
深夜,2,7,17,35.388661034189205
深夜,2,7,18,39.62941275361349
深夜,2,7,19,23.169996920824573
深夜,2,8,0,6.672289420087823
深夜,2,8,1,14.3330970963329
深夜,2,8,2,131.52250825573432
深夜,2,8,3,58.39311814208167
深夜,2,8,4,34.258020808740994
深夜,2,8,5,69.59975158459447
深夜,2,8,6,58.3995425448198
深夜,2,8,7,90.58257641016706
深夜,2,8,8,116.13014601026904
深夜,2,8,9,198.2918004227786
深夜,2,8,10,253.60612889476735
深夜,2,8,11,265.8650129154408
深夜,2,8,12,898.6260099913685
深夜,2,8,13,244.48061332603973
深夜,2,8,14,83.1108131905802
深夜,2,8,15,133.03822349027502
深夜,2,8,16,54.13119219938765
深夜,2,8,17,33.61264507665813
深夜,2,8,18,14.250982951949807
深夜,2,8,19,15.858145464729212
深夜,2,9,0,4.112245646727708
深夜,2,9,1,7.506577701041565
深夜,2,9,2,12.134710697829313
深夜,2,9,3,41.34121399515797
深夜,2,9,4,48.6186181977257
深夜,2,9,5,68.86825389366255
深夜,2,9,6,70.98364038937868
深夜,2,9,7,93.80873519872016
深夜,2,9,8,123.07047314586283
深夜,2,9,9,207.02141484996295
深夜,2,9,10,326.1701800493667
深夜,2,9,11,392.7884800400432
深夜,2,9,12,332.56977359229643
深夜,2,9,13,211.58637270137473
深夜,2,9,14,92.36778800461558
深夜,2,9,15,149.2169816572886
深夜,2,9,16,55.95960607267333
深夜,2,9,17,39.50684279414613
深夜,2,9,18,27.278660745083823
深夜,2,9,19,8.896585501323049
深夜,2,10,0,9.381297657309714
深夜,2,10,1,4.1177847014688975
深夜,2,10,2,12.224810822850937
深夜,2,10,3,30.128227208347354
深夜,2,10,4,41.15700519368798
深夜,2,10,5,52.88527631702584
深夜,2,10,6,77.63900966667504
深夜,2,10,7,66.37168476424024
深夜,2,10,8,168.3470825744922
深夜,2,10,9,223.33994867837666
深夜,2,10,10,331.60908829723394
深夜,2,10,11,361.42829549970804
深夜,2,10,12,256.4238977873804
深夜,2,10,13,227.2906481899901
深夜,2,10,14,157.4179392138626
深夜,2,10,15,87.00437735363309
深夜,2,10,16,54.274699995143145
深夜,2,10,17,41.36151938411865
深夜,2,10,18,42.89372262478178
深夜,2,10,19,21.350939970638645
深夜,2,11,0,15.423618692939744
深夜,2,11,1,16.31468138316498
深夜,2,11,2,14.518160488231505
深夜,2,11,3,12.082535489231581
深夜,2,11,4,20.505254768960704
深夜,2,11,5,33.356751709407696
深夜,2,11,6,32.909472746329236
深夜,2,11,7,62.099849504550825
深夜,2,11,8,130.00750846524045
深夜,2,11,9,171.1210868474572
深夜,2,11,10,306.2156361705674
深夜,2,11,11,392.1959558234417
深夜,2,11,12,286.34167594455926
深夜,2,11,13,265.03117380082864
深夜,2,11,14,126.51443970075921
深夜,2,11,15,74.32290295672101
深夜,2,11,16,34.311444768688624
深夜,2,11,17,31.19961649832136
深夜,2,11,18,28.41616064907754
深夜,2,11,19,35.30980048053063
深夜,2,12,0,20.577789103201034
深夜,2,12,1,17.169340869282703
深夜,2,12,2,24.296672718220528
深夜,2,12,3,27.77564314169464
深夜,2,12,4,15.533523512811314
深夜,2,12,5,15.08070520891051
深夜,2,12,6,23.85325181413669
深夜,2,12,7,45.11471714890389
深夜,2,12,8,86.86545094693618
深夜,2,12,9,252.79854852961833
深夜,2,12,10,240.874696215349
深夜,2,12,11,283.999151419302
深夜,2,12,12,305.4395460532963
深夜,2,12,13,225.2089777231137
深夜,2,12,14,215.81219197290355
深夜,2,12,15,94.16501262134702
深夜,2,12,16,40.21772974945311
深夜,2,12,17,29.83206610806131
深夜,2,12,18,31.04160835305138
深夜,2,12,19,51.230801746123475
深夜,2,13,0,17.79814586737931
深夜,2,13,1,18.003009011784208
深夜,2,13,2,16.171461477936074
深夜,2,13,3,20.44882778178288
深夜,2,13,4,27.944193149964512
深夜,2,13,5,33.972631341838266
深夜,2,13,6,58.838851866632616
深夜,2,13,7,119.87153233255631
深夜,2,13,8,83.0361677795152
深夜,2,13,9,123.89057394165798
深夜,2,13,10,143.9727433731144
深夜,2,13,11,267.0500282476355
深夜,2,13,12,180.45209325118984
深夜,2,13,13,155.62359169967002
深夜,2,13,14,197.9779054776591
深夜,2,13,15,76.93661862027017
深夜,2,13,16,46.08916722351226
深夜,2,13,17,44.16245084439597
深夜,2,13,18,52.802517813936284
深夜,2,13,19,42.82559771766076
深夜,2,14,0,20.945992145168745
深夜,2,14,1,22.374579003170318
深夜,2,14,2,26.663694580138007
深夜,2,14,3,33.965707499033336
深夜,2,14,4,60.78142544663952
深夜,2,14,5,76.0149977359023
深夜,2,14,6,55.405929227536376
深夜,2,14,7,77.89781965021322
深夜,2,14,8,91.88509752382114
深夜,2,14,9,58.29412039922802
深夜,2,14,10,106.72823605823866
深夜,2,14,11,150.36941573211692
深夜,2,14,12,136.02344014470464
深夜,2,14,13,121.67042796148966
深夜,2,14,14,222.79091491772795
深夜,2,14,15,150.63744866593848
深夜,2,14,16,61.44593243217635
深夜,2,14,17,49.90299128308571
深夜,2,14,18,50.153441394360854
深夜,2,14,19,21.841883787867165
深夜,2,15,0,17.498124060766894
深夜,2,15,1,30.59585953805716
深夜,2,15,2,40.082104679673876
深夜,2,15,3,38.69171477308227
深夜,2,15,4,48.90910251682106
深夜,2,15,5,60.27786658774112
深夜,2,15,6,59.54491946765538
深夜,2,15,7,73.5301723564092
深夜,2,15,8,80.28834617872026
深夜,2,15,9,56.52035481381082
深夜,2,15,10,95.8098991712876
深夜,2,15,11,73.21523398461888
深夜,2,15,12,80.04248579563978
深夜,2,15,13,163.34622304265275
深夜,2,15,14,121.23281433359868
深夜,2,15,15,62.208792232353694
深夜,2,15,16,49.02157661110154
深夜,2,15,17,61.7759292868221
深夜,2,15,18,50.6544042282669
深夜,2,15,19,19.34374777072386
深夜,2,16,0,25.23123529987033
深夜,2,16,1,33.5016913599683
深夜,2,16,2,56.12989128595272
深夜,2,16,3,35.75400013392217
深夜,2,16,4,33.44606934327023
深夜,2,16,5,19.433398804506147
深夜,2,16,6,55.49948112303037
深夜,2,16,7,47.71161490433298
深夜,2,16,8,58.300625836138515
深夜,2,16,9,60.40333479133816
深夜,2,16,10,73.87699058129432
深夜,2,16,11,58.22582472735064
深夜,2,16,12,57.68691718119069
深夜,2,16,13,93.90705635450834
深夜,2,16,14,174.61138498813426
深夜,2,16,15,87.88783927765563
深夜,2,16,16,56.21465545864264
深夜,2,16,17,76.42295113043247
深夜,2,16,18,47.26974483029743
深夜,2,16,19,26.383000366763213
深夜,2,17,0,30.932944143765933
深夜,2,17,1,25.493086991707084
深夜,2,17,2,39.94472454515259
深夜,2,17,3,43.95771240481986
深夜,2,17,4,28.302470118339105
深夜,2,17,5,23.64694556864698
深夜,2,17,6,69.7918547733459
深夜,2,17,7,46.30914646576904
深夜,2,17,8,53.038407218166064
深夜,2,17,9,48.60822672253365
深夜,2,17,10,70.95603759935354
深夜,2,17,11,82.96523528165062
深夜,2,17,12,81.92576425736773
深夜,2,17,13,77.26082726669678
深夜,2,17,14,123.98993350755843
深夜,2,17,15,62.313010092542136
深夜,2,17,16,47.138994839949554
深夜,2,17,17,61.85975643883669
深夜,2,17,18,53.58064805996887
深夜,2,17,19,36.76034650169215
深夜,2,18,0,24.417349744501507
深夜,2,18,1,18.375489223443598
深夜,2,18,2,21.100888226196282
深夜,2,18,3,26.904736023725498
深夜,2,18,4,30.407012947183983
深夜,2,18,5,23.986003113113572
深夜,2,18,6,26.021158296814978
深夜,2,18,7,29.276485403146637
深夜,2,18,8,38.31565487414748
深夜,2,18,9,41.019284373538426
深夜,2,18,10,51.472688763091625
深夜,2,18,11,66.2923800449111
深夜,2,18,12,60.88550260462783
深夜,2,18,13,129.6967442073206
深夜,2,18,14,113.838670253586
深夜,2,18,15,68.00562880198976
深夜,2,18,16,58.20232658133797
深夜,2,18,17,69.64494547533884
深夜,2,18,18,40.03095475551914
深夜,2,18,19,47.44075333899503
深夜,2,19,0,13.953959068791871
深夜,2,19,1,6.4214340953598565
深夜,2,19,2,9.744847312492846
深夜,2,19,3,19.61249407085906
深夜,2,19,4,25.06541488428184
深夜,2,19,5,18.244346785895477
深夜,2,19,6,12.840762419198086
深夜,2,19,7,8.400162862086464
深夜,2,19,8,25.904946459952203
深夜,2,19,9,50.12108087519868
深夜,2,19,10,40.57873619081371
深夜,2,19,11,44.06383088930448
深夜,2,19,12,38.791613786762724
深夜,2,19,13,57.34115157649879
深夜,2,19,14,63.27985417377462
深夜,2,19,15,65.6157784979956
深夜,2,19,16,64.29538491331094
深夜,2,19,17,43.94886279754688
深夜,2,19,18,38.61271239499446
深夜,2,19,19,46.21615229449882
