split_time,window_size,epoch,loss
600,4,1,43.71736145019531
600,4,2,36.84074401855469
600,4,3,31.7602481842041
600,4,4,27.681180953979492
600,4,5,24.43448257446289
600,4,6,22.023996353149414
600,4,7,20.280601501464844
600,4,8,19.197248458862305
600,4,9,18.501792907714844
600,4,10,18.053810119628906
600,4,11,17.66494369506836
600,4,12,17.299182891845703
600,4,13,16.945194244384766
600,4,14,16.562044143676758
600,4,15,16.251102447509766
600,4,16,15.997294425964355
600,4,17,15.764330863952637
600,4,18,15.53956413269043
600,4,19,15.340181350708008
600,4,20,15.161454200744629
600,4,21,14.996864318847656
600,4,22,14.850774765014648
600,4,23,14.711382865905762
600,4,24,14.601418495178223
600,4,25,14.484065055847168
600,4,26,14.374608039855957
600,4,27,14.287171363830566
600,4,28,14.201066970825195
600,4,29,14.108203887939453
600,4,30,14.03294563293457
600,4,31,13.961256980895996
600,4,32,13.876943588256836
600,4,33,13.804903984069824
600,4,34,13.74289321899414
600,4,35,13.694401741027832
600,4,36,13.623071670532227
600,4,37,13.575085639953613
600,4,38,13.514551162719727
600,4,39,13.482592582702637
600,4,40,13.425253868103027
600,4,41,13.390926361083984
600,4,42,13.338591575622559
600,4,43,13.294758796691895
600,4,44,13.258092880249023
600,4,45,13.240859985351562
600,4,46,13.210322380065918
600,4,47,13.172012329101562
600,4,48,13.140630722045898
600,4,49,13.10745906829834
600,4,50,13.070220947265625
600,4,51,13.05094051361084
600,4,52,13.026805877685547
600,4,53,12.994534492492676
600,4,54,12.966076850891113
600,4,55,12.948614120483398
600,4,56,12.91059684753418
600,4,57,12.905744552612305
600,4,58,12.87716293334961
600,4,59,12.831840515136719
600,4,60,12.787442207336426
600,4,61,12.777097702026367
600,4,62,12.746654510498047
600,4,63,12.728641510009766
600,4,64,12.707942008972168
600,4,65,12.689895629882812
600,4,66,12.696640968322754
600,4,67,12.657293319702148
600,4,68,12.635342597961426
600,4,69,12.61902904510498
600,4,70,12.612235069274902
600,4,71,12.59228801727295
600,4,72,12.604751586914062
600,4,73,12.57546615600586
600,4,74,12.567859649658203
600,4,75,12.544977188110352
600,4,76,12.544028282165527
600,4,77,12.5311861038208
600,4,78,12.54378604888916
600,4,79,12.526413917541504
600,4,80,12.5106840133667
600,4,81,12.554051399230957
600,4,82,12.477425575256348
600,4,83,12.477995872497559
600,4,84,12.467226028442383
600,4,85,12.466699600219727
600,4,86,12.449407577514648
600,4,87,12.442207336425781
600,4,88,12.436598777770996
600,4,89,12.430553436279297
600,4,90,12.436041831970215
600,4,91,12.417698860168457
600,4,92,12.394691467285156
600,4,93,12.420066833496094
600,4,94,12.38165283203125
600,4,95,12.376154899597168
600,4,96,12.372188568115234
600,4,97,12.366657257080078
600,4,98,12.344793319702148
600,4,99,12.345553398132324
600,4,100,12.347258567810059
600,4,101,12.332133293151855
600,4,102,12.33648681640625
600,4,103,12.315020561218262
600,4,104,12.336462020874023
600,4,105,12.304108619689941
600,4,106,12.30444049835205
600,4,107,12.316288948059082
600,4,108,12.295368194580078
600,4,109,12.299535751342773
600,4,110,12.283455848693848
600,4,111,12.272369384765625
600,4,112,12.296034812927246
600,4,113,12.25511360168457
600,4,114,12.256889343261719
600,4,115,12.24890422821045
600,4,116,12.243156433105469
600,4,117,12.249899864196777
600,4,118,12.215791702270508
600,4,119,12.232291221618652
600,4,120,12.228021621704102
600,12,1,95.45047760009766
600,12,2,75.24280548095703
600,12,3,58.35767364501953
600,12,4,44.24653244018555
600,12,5,33.31318283081055
600,12,6,27.639949798583984
600,12,7,24.69408416748047
600,12,8,22.618494033813477
600,12,9,20.674373626708984
600,12,10,18.936176300048828
600,12,11,17.50904655456543
600,12,12,16.46415138244629
600,12,13,15.68662166595459
600,12,14,15.092177391052246
600,12,15,14.619324684143066
600,12,16,14.214615821838379
600,12,17,13.901717185974121
600,12,18,13.60498046875
600,12,19,13.383023262023926
600,12,20,13.18138313293457
600,12,21,13.039278030395508
600,12,22,12.918960571289062
600,12,23,12.806909561157227
600,12,24,12.722475051879883
600,12,25,12.648858070373535
600,12,26,12.576813697814941
600,12,27,12.499231338500977
600,12,28,12.43385124206543
600,12,29,12.367059707641602
600,12,30,12.32137393951416
600,12,31,12.240035057067871
600,12,32,12.196150779724121
600,12,33,12.11357307434082
600,12,34,12.062467575073242
600,12,35,12.045793533325195
600,12,36,11.961977005004883
600,12,37,11.940778732299805
600,12,38,11.857674598693848
600,12,39,11.817726135253906
600,12,40,11.790373802185059
600,12,41,11.74129581451416
600,12,42,11.691873550415039
600,12,43,11.668506622314453
600,12,44,11.631281852722168
600,12,45,11.600930213928223
600,12,46,11.613412857055664
600,12,47,11.583772659301758
600,12,48,11.585739135742188
600,12,49,11.524349212646484
600,12,50,11.499076843261719
600,12,51,11.470959663391113
600,12,52,11.455862045288086
600,12,53,11.443552017211914
600,12,54,11.411527633666992
600,12,55,11.405519485473633
600,12,56,11.400290489196777
600,12,57,11.378717422485352
600,12,58,11.371503829956055
600,12,59,11.351041793823242
600,12,60,11.327312469482422
600,12,61,11.325285911560059
600,12,62,11.304414749145508
600,12,63,11.290122032165527
600,12,64,11.28438949584961
600,12,65,11.281477928161621
600,12,66,11.271602630615234
600,12,67,11.283608436584473
600,12,68,11.270174980163574
600,12,69,11.232046127319336
600,12,70,11.224701881408691
600,12,71,11.22332763671875
600,12,72,11.236231803894043
600,12,73,11.243799209594727
600,12,74,11.216651916503906
600,12,75,11.16469669342041
600,12,76,11.156208038330078
600,12,77,11.1825532913208
600,12,78,11.158570289611816
600,12,79,11.156793594360352
600,12,80,11.143243789672852
600,12,81,11.15438175201416
600,12,82,11.121502876281738
600,12,83,11.094808578491211
600,12,84,11.093609809875488
600,12,85,11.086382865905762
600,12,86,11.104339599609375
600,12,87,11.153359413146973
600,12,88,11.096470832824707
600,12,89,11.086808204650879
600,12,90,11.08065414428711
600,12,91,11.054717063903809
600,12,92,11.047554016113281
600,12,93,11.060884475708008
600,12,94,11.016688346862793
600,12,95,11.002849578857422
600,12,96,11.001121520996094
600,12,97,10.999935150146484
600,12,98,10.99682331085205
600,12,99,11.022133827209473
600,12,100,11.008325576782227
600,12,101,10.99171257019043
600,12,102,10.983631134033203
600,12,103,10.971797943115234
600,12,104,10.957998275756836
600,12,105,10.97799015045166
600,12,106,10.954303741455078
600,12,107,10.963285446166992
600,12,108,10.939697265625
600,12,109,10.925703048706055
600,12,110,10.937458038330078
600,12,111,10.924392700195312
600,12,112,10.918630599975586
600,12,113,10.911237716674805
600,12,114,10.943648338317871
600,12,115,10.892694473266602
600,12,116,10.914750099182129
600,12,117,10.942492485046387
600,12,118,10.90650463104248
600,12,119,10.899362564086914
600,12,120,10.900229454040527
600,24,1,56.478973388671875
600,24,2,38.408660888671875
600,24,3,30.67724609375
600,24,4,26.8408145904541
600,24,5,24.221647262573242
600,24,6,22.19713592529297
600,24,7,20.597434997558594
600,24,8,19.31909942626953
600,24,9,18.279294967651367
600,24,10,17.449193954467773
600,24,11,16.799049377441406
600,24,12,16.24449920654297
600,24,13,15.75644302368164
600,24,14,15.306049346923828
600,24,15,14.882015228271484
600,24,16,14.52914047241211
600,24,17,14.205317497253418
600,24,18,13.938024520874023
600,24,19,13.704073905944824
600,24,20,13.521857261657715
600,24,21,13.368000984191895
600,24,22,13.222991943359375
600,24,23,13.080978393554688
600,24,24,12.964761734008789
600,24,25,12.850556373596191
600,24,26,12.747919082641602
600,24,27,12.650508880615234
600,24,28,12.55721664428711
600,24,29,12.466160774230957
600,24,30,12.381465911865234
600,24,31,12.306063652038574
600,24,32,12.2444429397583
600,24,33,12.191006660461426
600,24,34,12.128474235534668
600,24,35,12.080391883850098
600,24,36,12.040213584899902
600,24,37,12.00119400024414
600,24,38,11.961627960205078
600,24,39,11.927318572998047
600,24,40,11.884029388427734
600,24,41,11.847099304199219
600,24,42,11.813719749450684
600,24,43,11.798551559448242
600,24,44,11.767306327819824
600,24,45,11.730648040771484
600,24,46,11.70779037475586
600,24,47,11.682473182678223
600,24,48,11.663104057312012
600,24,49,11.624940872192383
600,24,50,11.60085678100586
600,24,51,11.589625358581543
600,24,52,11.565301895141602
600,24,53,11.54189682006836
600,24,54,11.516115188598633
600,24,55,11.50395679473877
600,24,56,11.482789039611816
600,24,57,11.47081470489502
600,24,58,11.456450462341309
600,24,59,11.437491416931152
600,24,60,11.42651653289795
600,24,61,11.401942253112793
600,24,62,11.388011932373047
600,24,63,11.380595207214355
600,24,64,11.364736557006836
600,24,65,11.352324485778809
600,24,66,11.341755867004395
600,24,67,11.335749626159668
600,24,68,11.319035530090332
600,24,69,11.309276580810547
600,24,70,11.296405792236328
600,24,71,11.279637336730957
600,24,72,11.271345138549805
600,24,73,11.255226135253906
600,24,74,11.2572021484375
600,24,75,11.2451810836792
600,24,76,11.21996021270752
600,24,77,11.220791816711426
600,24,78,11.20639705657959
600,24,79,11.20029067993164
600,24,80,11.177650451660156
600,24,81,11.183724403381348
600,24,82,11.159394264221191
600,24,83,11.144454956054688
600,24,84,11.13071060180664
600,24,85,11.131526947021484
600,24,86,11.119274139404297
600,24,87,11.112858772277832
600,24,88,11.089018821716309
600,24,89,11.083446502685547
600,24,90,11.088979721069336
600,24,91,11.07341194152832
600,24,92,11.061002731323242
600,24,93,11.062358856201172
600,24,94,11.040165901184082
600,24,95,11.041994094848633
600,24,96,11.02639102935791
600,24,97,11.011052131652832
600,24,98,10.999590873718262
600,24,99,11.012886047363281
600,24,100,10.983455657958984
600,24,101,10.982418060302734
600,24,102,10.970346450805664
600,24,103,10.960009574890137
600,24,104,10.972587585449219
600,24,105,10.946755409240723
600,24,106,10.94287109375
600,24,107,10.926490783691406
600,24,108,10.914852142333984
600,24,109,10.913976669311523
600,24,110,10.920299530029297
600,24,111,10.929776191711426
600,24,112,10.899473190307617
600,24,113,10.884817123413086
600,24,114,10.872371673583984
600,24,115,10.865918159484863
600,24,116,10.873797416687012
600,24,117,10.884330749511719
600,24,118,10.868603706359863
600,24,119,10.8550386428833
600,24,120,10.841781616210938
600,48,1,63.34964370727539
600,48,2,55.92869567871094
600,48,3,49.921234130859375
600,48,4,44.62519073486328
600,48,5,39.302555084228516
600,48,6,34.00422286987305
600,48,7,28.81525230407715
600,48,8,24.305727005004883
600,48,9,21.766162872314453
600,48,10,20.503551483154297
600,48,11,19.535364151000977
600,48,12,18.737245559692383
600,48,13,17.994842529296875
600,48,14,17.287517547607422
600,48,15,16.648378372192383
600,48,16,16.093088150024414
600,48,17,15.5913724899292
600,48,18,15.1332368850708
600,48,19,14.731608390808105
600,48,20,14.34455394744873
600,48,21,13.979336738586426
600,48,22,13.656207084655762
600,48,23,13.388713836669922
600,48,24,13.16932201385498
600,48,25,12.972859382629395
600,48,26,12.801006317138672
600,48,27,12.646293640136719
600,48,28,12.513859748840332
600,48,29,12.39711856842041
600,48,30,12.295306205749512
600,48,31,12.20602798461914
600,48,32,12.121210098266602
600,48,33,12.043346405029297
600,48,34,11.97094440460205
600,48,35,11.906959533691406
600,48,36,11.840269088745117
600,48,37,11.789754867553711
600,48,38,11.7378511428833
600,48,39,11.68177318572998
600,48,40,11.644109725952148
600,48,41,11.594332695007324
600,48,42,11.546192169189453
600,48,43,11.51223087310791
600,48,44,11.465611457824707
600,48,45,11.430426597595215
600,48,46,11.399303436279297
600,48,47,11.368391990661621
600,48,48,11.338902473449707
600,48,49,11.307357788085938
600,48,50,11.273417472839355
600,48,51,11.247557640075684
600,48,52,11.222604751586914
600,48,53,11.188736915588379
600,48,54,11.162315368652344
600,48,55,11.141863822937012
600,48,56,11.118087768554688
600,48,57,11.10014533996582
600,48,58,11.072718620300293
600,48,59,11.058655738830566
600,48,60,11.037155151367188
600,48,61,11.010807037353516
600,48,62,10.996499061584473
600,48,63,10.980226516723633
600,48,64,10.960638999938965
600,48,65,10.947516441345215
600,48,66,10.931355476379395
600,48,67,10.915266990661621
600,48,68,10.903512001037598
600,48,69,10.879618644714355
600,48,70,10.864273071289062
600,48,71,10.851494789123535
600,48,72,10.844535827636719
600,48,73,10.8287935256958
600,48,74,10.812621116638184
600,48,75,10.806208610534668
600,48,76,10.78995132446289
600,48,77,10.781927108764648
600,48,78,10.765240669250488
600,48,79,10.747615814208984
600,48,80,10.728514671325684
600,48,81,10.72551155090332
600,48,82,10.712172508239746
600,48,83,10.69688892364502
600,48,84,10.697418212890625
600,48,85,10.683662414550781
600,48,86,10.674883842468262
600,48,87,10.65971851348877
600,48,88,10.653507232666016
600,48,89,10.629648208618164
600,48,90,10.626718521118164
600,48,91,10.608562469482422
600,48,92,10.595263481140137
600,48,93,10.584894180297852
600,48,94,10.575897216796875
600,48,95,10.560468673706055
600,48,96,10.560208320617676
600,48,97,10.551703453063965
600,48,98,10.533321380615234
600,48,99,10.515271186828613
600,48,100,10.50281047821045
600,48,101,10.506893157958984
600,48,102,10.493207931518555
600,48,103,10.479443550109863
600,48,104,10.46727180480957
600,48,105,10.455337524414062
600,48,106,10.447418212890625
600,48,107,10.430305480957031
600,48,108,10.410420417785645
600,48,109,10.39694881439209
600,48,110,10.388948440551758
600,48,111,10.378297805786133
600,48,112,10.36708927154541
600,48,113,10.355786323547363
600,48,114,10.338820457458496
600,48,115,10.3414306640625
600,48,116,10.320257186889648
600,48,117,10.314981460571289
600,48,118,10.292816162109375
600,48,119,10.284710884094238
600,48,120,10.269142150878906
600,72,1,55.541439056396484
600,72,2,33.396183013916016
600,72,3,27.49390983581543
600,72,4,25.350130081176758
600,72,5,23.691190719604492
600,72,6,22.118606567382812
600,72,7,20.6953067779541
600,72,8,19.416698455810547
600,72,9,18.315858840942383
600,72,10,17.291305541992188
600,72,11,16.446561813354492
600,72,12,15.886276245117188
600,72,13,15.444129943847656
600,72,14,15.079512596130371
600,72,15,14.763762474060059
600,72,16,14.491948127746582
600,72,17,14.230387687683105
600,72,18,13.992290496826172
600,72,19,13.799125671386719
600,72,20,13.626273155212402
600,72,21,13.446144104003906
600,72,22,13.298049926757812
600,72,23,13.127254486083984
600,72,24,12.999137878417969
600,72,25,12.854080200195312
600,72,26,12.726325035095215
600,72,27,12.607028007507324
600,72,28,12.495613098144531
600,72,29,12.387691497802734
600,72,30,12.297819137573242
600,72,31,12.202926635742188
600,72,32,12.105051040649414
600,72,33,12.018929481506348
600,72,34,11.947269439697266
600,72,35,11.87915325164795
600,72,36,11.820852279663086
600,72,37,11.759664535522461
600,72,38,11.709874153137207
600,72,39,11.653915405273438
600,72,40,11.622923851013184
600,72,41,11.574409484863281
600,72,42,11.520709991455078
600,72,43,11.486410140991211
600,72,44,11.4392728805542
600,72,45,11.406630516052246
600,72,46,11.373811721801758
600,72,47,11.342833518981934
600,72,48,11.309463500976562
600,72,49,11.261822700500488
600,72,50,11.249792098999023
600,72,51,11.213698387145996
600,72,52,11.175427436828613
600,72,53,11.137907028198242
600,72,54,11.10826587677002
600,72,55,11.099446296691895
600,72,56,11.069189071655273
600,72,57,11.041515350341797
600,72,58,11.021227836608887
600,72,59,10.995268821716309
600,72,60,10.962594032287598
600,72,61,10.941783905029297
600,72,62,10.920568466186523
600,72,63,10.900463104248047
600,72,64,10.87840461730957
600,72,65,10.847424507141113
600,72,66,10.835411071777344
600,72,67,10.821603775024414
600,72,68,10.79090690612793
600,72,69,10.771194458007812
600,72,70,10.748126029968262
600,72,71,10.735758781433105
600,72,72,10.732693672180176
600,72,73,10.704824447631836
600,72,74,10.696061134338379
600,72,75,10.668383598327637
600,72,76,10.655684471130371
600,72,77,10.652679443359375
600,72,78,10.628244400024414
600,72,79,10.602352142333984
600,72,80,10.588286399841309
600,72,81,10.582921981811523
600,72,82,10.571537971496582
600,72,83,10.544486999511719
600,72,84,10.53238296508789
600,72,85,10.52387809753418
600,72,86,10.498960494995117
600,72,87,10.495882034301758
600,72,88,10.465717315673828
600,72,89,10.457637786865234
600,72,90,10.454679489135742
600,72,91,10.437087059020996
600,72,92,10.422332763671875
600,72,93,10.408655166625977
600,72,94,10.398390769958496
600,72,95,10.385086059570312
600,72,96,10.362555503845215
600,72,97,10.355113983154297
600,72,98,10.346511840820312
600,72,99,10.332548141479492
600,72,100,10.31814193725586
600,72,101,10.309992790222168
600,72,102,10.291622161865234
600,72,103,10.279970169067383
600,72,104,10.254663467407227
600,72,105,10.263769149780273
600,72,106,10.233051300048828
600,72,107,10.227991104125977
600,72,108,10.19742202758789
600,72,109,10.2138671875
600,72,110,10.190165519714355
600,72,111,10.192306518554688
600,72,112,10.168907165527344
600,72,113,10.136735916137695
600,72,114,10.133491516113281
600,72,115,10.11301040649414
600,72,116,10.114578247070312
600,72,117,10.098950386047363
600,72,118,10.080649375915527
600,72,119,10.067914009094238
600,72,120,10.053359031677246
600,100,1,43.769405364990234
600,100,2,36.29568099975586
600,100,3,32.2811393737793
600,100,4,29.885080337524414
600,100,5,27.833484649658203
600,100,6,26.153945922851562
600,100,7,24.696561813354492
600,100,8,23.36221694946289
600,100,9,22.11351203918457
600,100,10,20.953746795654297
600,100,11,19.880996704101562
600,100,12,18.92535400390625
600,100,13,18.103015899658203
600,100,14,17.361404418945312
600,100,15,16.670299530029297
600,100,16,16.050539016723633
600,100,17,15.514500617980957
600,100,18,15.057064056396484
600,100,19,14.675153732299805
600,100,20,14.34908676147461
600,100,21,14.052275657653809
600,100,22,13.796525955200195
600,100,23,13.565147399902344
600,100,24,13.353485107421875
600,100,25,13.151080131530762
600,100,26,12.971687316894531
600,100,27,12.796189308166504
600,100,28,12.641106605529785
600,100,29,12.50155258178711
600,100,30,12.390891075134277
600,100,31,12.273451805114746
600,100,32,12.154970169067383
600,100,33,12.039541244506836
600,100,34,11.927346229553223
600,100,35,11.827961921691895
600,100,36,11.73470401763916
600,100,37,11.639694213867188
600,100,38,11.569783210754395
600,100,39,11.477608680725098
600,100,40,11.406620979309082
600,100,41,11.333306312561035
600,100,42,11.262557029724121
600,100,43,11.21180248260498
600,100,44,11.14490032196045
600,100,45,11.088732719421387
600,100,46,11.039713859558105
600,100,47,10.990673065185547
600,100,48,10.945509910583496
600,100,49,10.89091682434082
600,100,50,10.876067161560059
600,100,51,10.814017295837402
600,100,52,10.77696418762207
600,100,53,10.74323558807373
600,100,54,10.708617210388184
600,100,55,10.694963455200195
600,100,56,10.648720741271973
600,100,57,10.638374328613281
600,100,58,10.610421180725098
600,100,59,10.582042694091797
600,100,60,10.566341400146484
600,100,61,10.527918815612793
600,100,62,10.529918670654297
600,100,63,10.49470043182373
600,100,64,10.471552848815918
600,100,65,10.452653884887695
600,100,66,10.431448936462402
600,100,67,10.408712387084961
600,100,68,10.417058944702148
600,100,69,10.359692573547363
600,100,70,10.356618881225586
600,100,71,10.315698623657227
600,100,72,10.312573432922363
600,100,73,10.272090911865234
600,100,74,10.293261528015137
600,100,75,10.240242958068848
600,100,76,10.25731372833252
600,100,77,10.207706451416016
600,100,78,10.210001945495605
600,100,79,10.18797779083252
600,100,80,10.182330131530762
600,100,81,10.172525405883789
600,100,82,10.142269134521484
600,100,83,10.14101505279541
600,100,84,10.126347541809082
600,100,85,10.104970932006836
600,100,86,10.104369163513184
600,100,87,10.0810546875
600,100,88,10.062640190124512
600,100,89,10.041862487792969
600,100,90,10.044872283935547
600,100,91,10.022494316101074
600,100,92,10.004539489746094
600,100,93,9.979954719543457
600,100,94,9.983471870422363
600,100,95,9.950560569763184
600,100,96,9.93239688873291
600,100,97,9.916855812072754
600,100,98,9.884073257446289
600,100,99,9.873839378356934
600,100,100,9.862168312072754
600,100,101,9.855276107788086
600,100,102,9.829222679138184
600,100,103,9.80130672454834
600,100,104,9.777026176452637
600,100,105,9.78178882598877
600,100,106,9.760826110839844
600,100,107,9.742692947387695
600,100,108,9.7277193069458
600,100,109,9.720215797424316
600,100,110,9.693751335144043
600,100,111,9.705046653747559
600,100,112,9.685927391052246
600,100,113,9.663129806518555
600,100,114,9.649148941040039
600,100,115,9.643085479736328
600,100,116,9.6274995803833
600,100,117,9.611811637878418
600,100,118,9.602991104125977
600,100,119,9.595495223999023
600,100,120,9.590656280517578
500,4,1,135.7689208984375
500,4,2,115.92093658447266
500,4,3,95.60154724121094
500,4,4,77.61947631835938
500,4,5,62.61740493774414
500,4,6,50.729766845703125
500,4,7,41.10021209716797
500,4,8,34.062374114990234
500,4,9,29.497331619262695
500,4,10,26.506887435913086
500,4,11,24.467674255371094
500,4,12,23.29194450378418
500,4,13,22.48259925842285
500,4,14,21.865564346313477
500,4,15,21.354543685913086
500,4,16,20.88927459716797
500,4,17,20.45477294921875
500,4,18,20.07096290588379
500,4,19,19.721229553222656
500,4,20,19.38485336303711
500,4,21,19.06520652770996
500,4,22,18.762128829956055
500,4,23,18.460405349731445
500,4,24,18.17556381225586
500,4,25,17.877225875854492
500,4,26,17.59601402282715
500,4,27,17.30023765563965
500,4,28,17.033042907714844
500,4,29,16.75477409362793
500,4,30,16.48092269897461
500,4,31,16.24533462524414
500,4,32,16.03316879272461
500,4,33,15.845757484436035
500,4,34,15.696700096130371
500,4,35,15.553568840026855
500,4,36,15.411467552185059
500,4,37,15.29147720336914
500,4,38,15.172325134277344
500,4,39,15.07085132598877
500,4,40,14.955484390258789
500,4,41,14.868247032165527
500,4,42,14.767190933227539
500,4,43,14.675448417663574
500,4,44,14.602396011352539
500,4,45,14.509842872619629
500,4,46,14.429206848144531
500,4,47,14.374310493469238
500,4,48,14.271306991577148
500,4,49,14.207797050476074
500,4,50,14.122151374816895
500,4,51,14.03907585144043
500,4,52,13.958418846130371
500,4,53,13.88598346710205
500,4,54,13.822249412536621
500,4,55,13.770143508911133
500,4,56,13.7166748046875
500,4,57,13.673834800720215
500,4,58,13.599743843078613
500,4,59,13.560150146484375
500,4,60,13.525078773498535
500,4,61,13.496450424194336
500,4,62,13.472992897033691
500,4,63,13.444838523864746
500,4,64,13.416106224060059
500,4,65,13.400459289550781
500,4,66,13.389143943786621
500,4,67,13.380834579467773
500,4,68,13.363646507263184
500,4,69,13.351283073425293
500,4,70,13.324675559997559
500,4,71,13.31403923034668
500,4,72,13.285910606384277
500,4,73,13.276615142822266
500,4,74,13.257696151733398
500,4,75,13.245591163635254
500,4,76,13.237948417663574
500,4,77,13.216654777526855
500,4,78,13.212767601013184
500,4,79,13.20019245147705
500,4,80,13.1837739944458
500,4,81,13.17643928527832
500,4,82,13.161128997802734
500,4,83,13.16353988647461
500,4,84,13.141282081604004
500,4,85,13.145530700683594
500,4,86,13.121672630310059
500,4,87,13.125060081481934
500,4,88,13.107403755187988
500,4,89,13.09323787689209
500,4,90,13.090861320495605
500,4,91,13.10249137878418
500,4,92,13.062724113464355
500,4,93,13.084368705749512
500,4,94,13.057807922363281
500,4,95,13.038159370422363
500,4,96,13.022421836853027
500,4,97,13.019838333129883
500,4,98,13.006145477294922
500,4,99,12.994359016418457
500,4,100,12.985006332397461
500,4,101,12.977130889892578
500,4,102,12.968657493591309
500,4,103,12.956422805786133
500,4,104,12.947112083435059
500,4,105,12.958420753479004
500,4,106,12.933647155761719
500,4,107,12.917534828186035
500,4,108,12.902510643005371
500,4,109,12.882485389709473
500,4,110,12.880352020263672
500,4,111,12.859016418457031
500,4,112,12.85202693939209
500,4,113,12.8351469039917
500,4,114,12.85459041595459
500,4,115,12.818503379821777
500,4,116,12.823071479797363
500,4,117,12.801858901977539
500,4,118,12.788359642028809
500,4,119,12.775834083557129
500,4,120,12.775690078735352
500,12,1,94.48277282714844
500,12,2,63.01009750366211
500,12,3,43.77410125732422
500,12,4,33.31029510498047
500,12,5,26.682479858398438
500,12,6,23.613740921020508
500,12,7,22.152297973632812
500,12,8,20.935161590576172
500,12,9,19.889429092407227
500,12,10,18.977405548095703
500,12,11,18.135414123535156
500,12,12,17.411300659179688
500,12,13,16.812387466430664
500,12,14,16.332502365112305
500,12,15,15.927258491516113
500,12,16,15.587646484375
500,12,17,15.287237167358398
500,12,18,15.011139869689941
500,12,19,14.732747077941895
500,12,20,14.486222267150879
500,12,21,14.265180587768555
500,12,22,14.054426193237305
500,12,23,13.862268447875977
500,12,24,13.689848899841309
500,12,25,13.526981353759766
500,12,26,13.372471809387207
500,12,27,13.243103981018066
500,12,28,13.09099006652832
500,12,29,12.96175479888916
500,12,30,12.840205192565918
500,12,31,12.739136695861816
500,12,32,12.629097938537598
500,12,33,12.525243759155273
500,12,34,12.43991470336914
500,12,35,12.37949275970459
500,12,36,12.311239242553711
500,12,37,12.239991188049316
500,12,38,12.180874824523926
500,12,39,12.142212867736816
500,12,40,12.100971221923828
500,12,41,12.063693046569824
500,12,42,12.012325286865234
500,12,43,11.97258186340332
500,12,44,11.937943458557129
500,12,45,11.93502140045166
500,12,46,11.895952224731445
500,12,47,11.853506088256836
500,12,48,11.825055122375488
500,12,49,11.807297706604004
500,12,50,11.794514656066895
500,12,51,11.769489288330078
500,12,52,11.750543594360352
500,12,53,11.736586570739746
500,12,54,11.714940071105957
500,12,55,11.699666976928711
500,12,56,11.687883377075195
500,12,57,11.68557357788086
500,12,58,11.66689395904541
500,12,59,11.646185874938965
500,12,60,11.6389799118042
500,12,61,11.6220121383667
500,12,62,11.6217622756958
500,12,63,11.599027633666992
500,12,64,11.595386505126953
500,12,65,11.582847595214844
500,12,66,11.628607749938965
500,12,67,11.583026885986328
500,12,68,11.553119659423828
500,12,69,11.538317680358887
500,12,70,11.531228065490723
500,12,71,11.535943984985352
500,12,72,11.50105094909668
500,12,73,11.491146087646484
500,12,74,11.493102073669434
500,12,75,11.481032371520996
500,12,76,11.501426696777344
500,12,77,11.46983528137207
500,12,78,11.448128700256348
500,12,79,11.443402290344238
500,12,80,11.4351806640625
500,12,81,11.438104629516602
500,12,82,11.422775268554688
500,12,83,11.408711433410645
500,12,84,11.40745735168457
500,12,85,11.408082962036133
500,12,86,11.391098976135254
500,12,87,11.373580932617188
500,12,88,11.361540794372559
500,12,89,11.356362342834473
500,12,90,11.345223426818848
500,12,91,11.345917701721191
500,12,92,11.342635154724121
500,12,93,11.33801555633545
500,12,94,11.321958541870117
500,12,95,11.307317733764648
500,12,96,11.311208724975586
500,12,97,11.299691200256348
500,12,98,11.288529396057129
500,12,99,11.280988693237305
500,12,100,11.284943580627441
500,12,101,11.277908325195312
500,12,102,11.281469345092773
500,12,103,11.25849723815918
500,12,104,11.245694160461426
500,12,105,11.240775108337402
500,12,106,11.236854553222656
500,12,107,11.240168571472168
500,12,108,11.231344223022461
500,12,109,11.220205307006836
500,12,110,11.213179588317871
500,12,111,11.202115058898926
500,12,112,11.199631690979004
500,12,113,11.204669952392578
500,12,114,11.190713882446289
500,12,115,11.193016052246094
500,12,116,11.17992877960205
500,12,117,11.172584533691406
500,12,118,11.172319412231445
500,12,119,11.176280975341797
500,12,120,11.16036605834961
500,24,1,51.16287612915039
500,24,2,40.7617301940918
500,24,3,32.16132354736328
500,24,4,25.957582473754883
500,24,5,22.380033493041992
500,24,6,20.007123947143555
500,24,7,18.21761703491211
500,24,8,17.032663345336914
500,24,9,16.159812927246094
500,24,10,15.513506889343262
500,24,11,14.990100860595703
500,24,12,14.558928489685059
500,24,13,14.192723274230957
500,24,14,13.894394874572754
500,24,15,13.662053108215332
500,24,16,13.461451530456543
500,24,17,13.28771686553955
500,24,18,13.13225269317627
500,24,19,12.983997344970703
500,24,20,12.864376068115234
500,24,21,12.739524841308594
500,24,22,12.611510276794434
500,24,23,12.517353057861328
500,24,24,12.431808471679688
500,24,25,12.35413646697998
500,24,26,12.288951873779297
500,24,27,12.222867965698242
500,24,28,12.173200607299805
500,24,29,12.115604400634766
500,24,30,12.06312370300293
500,24,31,12.017219543457031
500,24,32,11.973865509033203
500,24,33,11.927996635437012
500,24,34,11.884868621826172
500,24,35,11.852291107177734
500,24,36,11.812212944030762
500,24,37,11.780017852783203
500,24,38,11.753832817077637
500,24,39,11.722322463989258
500,24,40,11.698708534240723
500,24,41,11.669548034667969
500,24,42,11.638583183288574
500,24,43,11.637773513793945
500,24,44,11.606751441955566
500,24,45,11.591480255126953
500,24,46,11.554553031921387
500,24,47,11.534014701843262
500,24,48,11.534863471984863
500,24,49,11.501684188842773
500,24,50,11.493181228637695
500,24,51,11.46390438079834
500,24,52,11.448182106018066
500,24,53,11.438615798950195
500,24,54,11.413329124450684
500,24,55,11.408699035644531
500,24,56,11.387913703918457
500,24,57,11.381186485290527
500,24,58,11.366731643676758
500,24,59,11.350544929504395
500,24,60,11.335405349731445
500,24,61,11.331677436828613
500,24,62,11.317992210388184
500,24,63,11.305644989013672
500,24,64,11.285981178283691
500,24,65,11.279940605163574
500,24,66,11.28927993774414
500,24,67,11.287147521972656
500,24,68,11.26052188873291
500,24,69,11.240437507629395
500,24,70,11.22519302368164
500,24,71,11.231119155883789
500,24,72,11.220783233642578
500,24,73,11.208884239196777
500,24,74,11.198492050170898
500,24,75,11.190710067749023
500,24,76,11.1980562210083
500,24,77,11.179134368896484
500,24,78,11.155044555664062
500,24,79,11.157398223876953
500,24,80,11.168214797973633
500,24,81,11.141589164733887
500,24,82,11.141623497009277
500,24,83,11.139726638793945
500,24,84,11.117671012878418
500,24,85,11.104401588439941
500,24,86,11.098217010498047
500,24,87,11.096435546875
500,24,88,11.105681419372559
500,24,89,11.102664947509766
500,24,90,11.082989692687988
500,24,91,11.070876121520996
500,24,92,11.078544616699219
500,24,93,11.07302474975586
500,24,94,11.05030632019043
500,24,95,11.05156421661377
500,24,96,11.043966293334961
500,24,97,11.038662910461426
500,24,98,11.02549934387207
500,24,99,11.028282165527344
500,24,100,11.06361198425293
500,24,101,11.023337364196777
500,24,102,11.017940521240234
500,24,103,11.0281982421875
500,24,104,11.01613712310791
500,24,105,11.00046443939209
500,24,106,10.981589317321777
500,24,107,10.982032775878906
500,24,108,10.971635818481445
500,24,109,10.95820140838623
500,24,110,10.964962005615234
500,24,111,10.955449104309082
500,24,112,10.962807655334473
500,24,113,10.973297119140625
500,24,114,10.938457489013672
500,24,115,10.924853324890137
500,24,116,10.941780090332031
500,24,117,10.95200252532959
500,24,118,10.959085464477539
500,24,119,10.931327819824219
500,24,120,10.924460411071777
500,48,1,59.58125686645508
500,48,2,52.517173767089844
500,48,3,46.012672424316406
500,48,4,39.863285064697266
500,48,5,34.42362976074219
500,48,6,30.06748390197754
500,48,7,26.54044532775879
500,48,8,24.019195556640625
500,48,9,22.338407516479492
500,48,10,21.163009643554688
500,48,11,20.332061767578125
500,48,12,19.67279815673828
500,48,13,19.113943099975586
500,48,14,18.65138053894043
500,48,15,18.24209213256836
500,48,16,17.850597381591797
500,48,17,17.483646392822266
500,48,18,17.12967872619629
500,48,19,16.79527473449707
500,48,20,16.455753326416016
500,48,21,16.1558895111084
500,48,22,15.870462417602539
500,48,23,15.608983993530273
500,48,24,15.356892585754395
500,48,25,15.115729331970215
500,48,26,14.899020195007324
500,48,27,14.669775009155273
500,48,28,14.462510108947754
500,48,29,14.260040283203125
500,48,30,14.071587562561035
500,48,31,13.904328346252441
500,48,32,13.749983787536621
500,48,33,13.59354305267334
500,48,34,13.458097457885742
500,48,35,13.32170295715332
500,48,36,13.191963195800781
500,48,37,13.080549240112305
500,48,38,12.966620445251465
500,48,39,12.855178833007812
500,48,40,12.750287055969238
500,48,41,12.65441608428955
500,48,42,12.561186790466309
500,48,43,12.47547721862793
500,48,44,12.399197578430176
500,48,45,12.32404613494873
500,48,46,12.252686500549316
500,48,47,12.18254280090332
500,48,48,12.118990898132324
500,48,49,12.063836097717285
500,48,50,12.001852989196777
500,48,51,11.94461441040039
500,48,52,11.8931245803833
500,48,53,11.844073295593262
500,48,54,11.791094779968262
500,48,55,11.736703872680664
500,48,56,11.693055152893066
500,48,57,11.653873443603516
500,48,58,11.602882385253906
500,48,59,11.555469512939453
500,48,60,11.499557495117188
500,48,61,11.445196151733398
500,48,62,11.40543270111084
500,48,63,11.355658531188965
500,48,64,11.311297416687012
500,48,65,11.27698802947998
500,48,66,11.226011276245117
500,48,67,11.184699058532715
500,48,68,11.143293380737305
500,48,69,11.118846893310547
500,48,70,11.067497253417969
500,48,71,11.041593551635742
500,48,72,11.007610321044922
500,48,73,10.970671653747559
500,48,74,10.940667152404785
500,48,75,10.914822578430176
500,48,76,10.891154289245605
500,48,77,10.867380142211914
500,48,78,10.849079132080078
500,48,79,10.81787395477295
500,48,80,10.793049812316895
500,48,81,10.76961898803711
500,48,82,10.749419212341309
500,48,83,10.740874290466309
500,48,84,10.718989372253418
500,48,85,10.697277069091797
500,48,86,10.678717613220215
500,48,87,10.658232688903809
500,48,88,10.638744354248047
500,48,89,10.614849090576172
500,48,90,10.592894554138184
500,48,91,10.5779390335083
500,48,92,10.563121795654297
500,48,93,10.537843704223633
500,48,94,10.521238327026367
500,48,95,10.505186080932617
500,48,96,10.48781681060791
500,48,97,10.472024917602539
500,48,98,10.461668968200684
500,48,99,10.443634986877441
500,48,100,10.432727813720703
500,48,101,10.419547080993652
500,48,102,10.410693168640137
500,48,103,10.398242950439453
500,48,104,10.382696151733398
500,48,105,10.371491432189941
500,48,106,10.355865478515625
500,48,107,10.349150657653809
500,48,108,10.333940505981445
500,48,109,10.324481964111328
500,48,110,10.314517974853516
500,48,111,10.304866790771484
500,48,112,10.304343223571777
500,48,113,10.288589477539062
500,48,114,10.274886131286621
500,48,115,10.258265495300293
500,48,116,10.250570297241211
500,48,117,10.246383666992188
500,48,118,10.232720375061035
500,48,119,10.220236778259277
500,48,120,10.205021858215332
500,72,1,53.34938049316406
500,72,2,42.71812438964844
500,72,3,34.95639419555664
500,72,4,28.79659652709961
500,72,5,25.795936584472656
500,72,6,24.217348098754883
500,72,7,22.776626586914062
500,72,8,21.426206588745117
500,72,9,19.996980667114258
500,72,10,18.602890014648438
500,72,11,17.40039825439453
500,72,12,16.485267639160156
500,72,13,15.743279457092285
500,72,14,15.06796932220459
500,72,15,14.47244930267334
500,72,16,14.004678726196289
500,72,17,13.609844207763672
500,72,18,13.302268981933594
500,72,19,13.057849884033203
500,72,20,12.85714054107666
500,72,21,12.698107719421387
500,72,22,12.554938316345215
500,72,23,12.43736743927002
500,72,24,12.32262134552002
500,72,25,12.236395835876465
500,72,26,12.139252662658691
500,72,27,12.058313369750977
500,72,28,11.987361907958984
500,72,29,11.91624927520752
500,72,30,11.863869667053223
500,72,31,11.799405097961426
500,72,32,11.728949546813965
500,72,33,11.657495498657227
500,72,34,11.610607147216797
500,72,35,11.544609069824219
500,72,36,11.4846830368042
500,72,37,11.4387788772583
500,72,38,11.383808135986328
500,72,39,11.320125579833984
500,72,40,11.267742156982422
500,72,41,11.212241172790527
500,72,42,11.167795181274414
500,72,43,11.118426322937012
500,72,44,11.073148727416992
500,72,45,11.025854110717773
500,72,46,10.989164352416992
500,72,47,10.932766914367676
500,72,48,10.890300750732422
500,72,49,10.851568222045898
500,72,50,10.806045532226562
500,72,51,10.770519256591797
500,72,52,10.734309196472168
500,72,53,10.698468208312988
500,72,54,10.666250228881836
500,72,55,10.630099296569824
500,72,56,10.608328819274902
500,72,57,10.568224906921387
500,72,58,10.52946662902832
500,72,59,10.50269603729248
500,72,60,10.478912353515625
500,72,61,10.446721076965332
500,72,62,10.417153358459473
500,72,63,10.390412330627441
500,72,64,10.364048957824707
500,72,65,10.333556175231934
500,72,66,10.317015647888184
500,72,67,10.278210639953613
500,72,68,10.249738693237305
500,72,69,10.220878601074219
500,72,70,10.20424747467041
500,72,71,10.176094055175781
500,72,72,10.16121768951416
500,72,73,10.134712219238281
500,72,74,10.112102508544922
500,72,75,10.098706245422363
500,72,76,10.09034538269043
500,72,77,10.075981140136719
500,72,78,10.067412376403809
500,72,79,10.042985916137695
500,72,80,10.017839431762695
500,72,81,10.005831718444824
500,72,82,9.99695873260498
500,72,83,9.966564178466797
500,72,84,9.957175254821777
500,72,85,9.941553115844727
500,72,86,9.932327270507812
500,72,87,9.918028831481934
500,72,88,9.90662670135498
500,72,89,9.896807670593262
500,72,90,9.882038116455078
500,72,91,9.86324691772461
500,72,92,9.846071243286133
500,72,93,9.835415840148926
500,72,94,9.824509620666504
500,72,95,9.829968452453613
500,72,96,9.809733390808105
500,72,97,9.78940200805664
500,72,98,9.781220436096191
500,72,99,9.771158218383789
500,72,100,9.763886451721191
500,72,101,9.750728607177734
500,72,102,9.740887641906738
500,72,103,9.726415634155273
500,72,104,9.725663185119629
500,72,105,9.718388557434082
500,72,106,9.7047758102417
500,72,107,9.685924530029297
500,72,108,9.676153182983398
500,72,109,9.66718578338623
500,72,110,9.652180671691895
500,72,111,9.647427558898926
500,72,112,9.649526596069336
500,72,113,9.636752128601074
500,72,114,9.615775108337402
500,72,115,9.617202758789062
500,72,116,9.607980728149414
500,72,117,9.599435806274414
500,72,118,9.584321022033691
500,72,119,9.574097633361816
500,72,120,9.581381797790527
500,100,1,100.43125915527344
500,100,2,67.65609741210938
500,100,3,42.24653625488281
500,100,4,29.18558120727539
500,100,5,25.295122146606445
500,100,6,23.087360382080078
500,100,7,21.400907516479492
500,100,8,20.01732635498047
500,100,9,18.78264808654785
500,100,10,17.69188690185547
500,100,11,16.762964248657227
500,100,12,15.9544677734375
500,100,13,15.286038398742676
500,100,14,14.627314567565918
500,100,15,14.12858772277832
500,100,16,13.761736869812012
500,100,17,13.46224594116211
500,100,18,13.199995994567871
500,100,19,12.97887897491455
500,100,20,12.772103309631348
500,100,21,12.585456848144531
500,100,22,12.40833854675293
500,100,23,12.270913124084473
500,100,24,12.116905212402344
500,100,25,11.975625991821289
500,100,26,11.849247932434082
500,100,27,11.724041938781738
500,100,28,11.602685928344727
500,100,29,11.510705947875977
500,100,30,11.4218111038208
500,100,31,11.350192070007324
500,100,32,11.291468620300293
500,100,33,11.22866439819336
500,100,34,11.178027153015137
500,100,35,11.125860214233398
500,100,36,11.080504417419434
500,100,37,11.040143013000488
500,100,38,10.994014739990234
500,100,39,10.959545135498047
500,100,40,10.927011489868164
500,100,41,10.874134063720703
500,100,42,10.857233047485352
500,100,43,10.800418853759766
500,100,44,10.768245697021484
500,100,45,10.722983360290527
500,100,46,10.640327453613281
500,100,47,10.55905532836914
500,100,48,10.511163711547852
500,100,49,10.479547500610352
500,100,50,10.446806907653809
500,100,51,10.421969413757324
500,100,52,10.392094612121582
500,100,53,10.379973411560059
500,100,54,10.354450225830078
500,100,55,10.325221061706543
500,100,56,10.304133415222168
500,100,57,10.298297882080078
500,100,58,10.27175521850586
500,100,59,10.257476806640625
500,100,60,10.232622146606445
500,100,61,10.229063987731934
500,100,62,10.204341888427734
500,100,63,10.185273170471191
500,100,64,10.166037559509277
500,100,65,10.138914108276367
500,100,66,10.129661560058594
500,100,67,10.092721939086914
500,100,68,10.07703685760498
500,100,69,10.054974555969238
500,100,70,10.034642219543457
500,100,71,10.019773483276367
500,100,72,10.008228302001953
500,100,73,9.978924751281738
500,100,74,9.956542015075684
500,100,75,9.943465232849121
500,100,76,9.9270601272583
500,100,77,9.913023948669434
500,100,78,9.902149200439453
500,100,79,9.887944221496582
500,100,80,9.866271018981934
500,100,81,9.84972095489502
500,100,82,9.839195251464844
500,100,83,9.820666313171387
500,100,84,9.803534507751465
500,100,85,9.791483879089355
500,100,86,9.776205062866211
500,100,87,9.766088485717773
500,100,88,9.752755165100098
500,100,89,9.74142837524414
500,100,90,9.726157188415527
500,100,91,9.713216781616211
500,100,92,9.700222969055176
500,100,93,9.69290828704834
500,100,94,9.677294731140137
500,100,95,9.666389465332031
500,100,96,9.655797958374023
500,100,97,9.647150039672852
500,100,98,9.632532119750977
500,100,99,9.620869636535645
500,100,100,9.613504409790039
500,100,101,9.601226806640625
500,100,102,9.594271659851074
500,100,103,9.584087371826172
500,100,104,9.570757865905762
500,100,105,9.5590238571167
500,100,106,9.548866271972656
500,100,107,9.54166030883789
500,100,108,9.531435012817383
500,100,109,9.530017852783203
500,100,110,9.51306438446045
500,100,111,9.502240180969238
500,100,112,9.498133659362793
500,100,113,9.494860649108887
500,100,114,9.486869812011719
500,100,115,9.469650268554688
500,100,116,9.457117080688477
500,100,117,9.444170951843262
500,100,118,9.434454917907715
500,100,119,9.423641204833984
500,100,120,9.420539855957031
400,4,1,46.9430046081543
400,4,2,43.35586929321289
400,4,3,39.68693161010742
400,4,4,33.74285125732422
400,4,5,27.398195266723633
400,4,6,23.07969093322754
400,4,7,21.127897262573242
400,4,8,20.289615631103516
400,4,9,19.619356155395508
400,4,10,18.967145919799805
400,4,11,18.319387435913086
400,4,12,17.597881317138672
400,4,13,16.918975830078125
400,4,14,16.35308837890625
400,4,15,15.94300651550293
400,4,16,15.598068237304688
400,4,17,15.340058326721191
400,4,18,15.1444091796875
400,4,19,14.966025352478027
400,4,20,14.804549217224121
400,4,21,14.651622772216797
400,4,22,14.523070335388184
400,4,23,14.38940143585205
400,4,24,14.278594970703125
400,4,25,14.179640769958496
400,4,26,14.08029842376709
400,4,27,13.986483573913574
400,4,28,13.935185432434082
400,4,29,13.821722984313965
400,4,30,13.764373779296875
400,4,31,13.690573692321777
400,4,32,13.594420433044434
400,4,33,13.53848934173584
400,4,34,13.466303825378418
400,4,35,13.392022132873535
400,4,36,13.315116882324219
400,4,37,13.266265869140625
400,4,38,13.194416046142578
400,4,39,13.145170211791992
400,4,40,13.10411262512207
400,4,41,13.05896282196045
400,4,42,13.027172088623047
400,4,43,12.97006893157959
400,4,44,12.962250709533691
400,4,45,12.906025886535645
400,4,46,12.913934707641602
400,4,47,12.872940063476562
400,4,48,12.836034774780273
400,4,49,12.8086576461792
400,4,50,12.780324935913086
400,4,51,12.765643119812012
400,4,52,12.738617897033691
400,4,53,12.713547706604004
400,4,54,12.694989204406738
400,4,55,12.675780296325684
400,4,56,12.657748222351074
400,4,57,12.636828422546387
400,4,58,12.643288612365723
400,4,59,12.60185718536377
400,4,60,12.602851867675781
400,4,61,12.546677589416504
400,4,62,12.530328750610352
400,4,63,12.517095565795898
400,4,64,12.501073837280273
400,4,65,12.477965354919434
400,4,66,12.478361129760742
400,4,67,12.48777961730957
400,4,68,12.444528579711914
400,4,69,12.473910331726074
400,4,70,12.413321495056152
400,4,71,12.39892578125
400,4,72,12.415312767028809
400,4,73,12.388331413269043
400,4,74,12.369463920593262
400,4,75,12.35755729675293
400,4,76,12.337699890136719
400,4,77,12.331198692321777
400,4,78,12.324230194091797
400,4,79,12.320097923278809
400,4,80,12.309313774108887
400,4,81,12.287270545959473
400,4,82,12.272436141967773
400,4,83,12.277738571166992
400,4,84,12.268417358398438
400,4,85,12.269573211669922
400,4,86,12.260831832885742
400,4,87,12.239514350891113
400,4,88,12.226938247680664
400,4,89,12.223750114440918
400,4,90,12.213455200195312
400,4,91,12.226502418518066
400,4,92,12.20273494720459
400,4,93,12.208128929138184
400,4,94,12.194315910339355
400,4,95,12.196666717529297
400,4,96,12.173696517944336
400,4,97,12.192337989807129
400,4,98,12.155739784240723
400,4,99,12.180366516113281
400,4,100,12.152935981750488
400,4,101,12.147868156433105
400,4,102,12.135757446289062
400,4,103,12.1343412399292
400,4,104,12.126490592956543
400,4,105,12.118108749389648
400,4,106,12.124161720275879
400,4,107,12.148534774780273
400,4,108,12.120141983032227
400,4,109,12.112312316894531
400,4,110,12.104774475097656
400,4,111,12.090609550476074
400,4,112,12.119616508483887
400,4,113,12.124842643737793
400,4,114,12.093345642089844
400,4,115,12.067294120788574
400,4,116,12.084524154663086
400,4,117,12.067859649658203
400,4,118,12.050660133361816
400,4,119,12.055967330932617
400,4,120,12.054278373718262
400,12,1,224.75900268554688
400,12,2,209.1328887939453
400,12,3,196.16757202148438
400,12,4,184.47726440429688
400,12,5,172.9270477294922
400,12,6,161.4267120361328
400,12,7,149.92042541503906
400,12,8,138.27931213378906
400,12,9,126.39727020263672
400,12,10,114.26542663574219
400,12,11,101.6718978881836
400,12,12,88.239013671875
400,12,13,74.30757141113281
400,12,14,58.09614562988281
400,12,15,36.63783264160156
400,12,16,27.93372917175293
400,12,17,22.940975189208984
400,12,18,20.370500564575195
400,12,19,19.000904083251953
400,12,20,18.1927433013916
400,12,21,17.548128128051758
400,12,22,17.001789093017578
400,12,23,16.476421356201172
400,12,24,15.983362197875977
400,12,25,15.509033203125
400,12,26,15.092914581298828
400,12,27,14.744215965270996
400,12,28,14.45190715789795
400,12,29,14.204893112182617
400,12,30,14.016008377075195
400,12,31,13.863419532775879
400,12,32,13.729158401489258
400,12,33,13.599498748779297
400,12,34,13.487727165222168
400,12,35,13.386423110961914
400,12,36,13.303903579711914
400,12,37,13.206787109375
400,12,38,13.12656307220459
400,12,39,13.04255199432373
400,12,40,12.99140739440918
400,12,41,12.907872200012207
400,12,42,12.86131763458252
400,12,43,12.787191390991211
400,12,44,12.733928680419922
400,12,45,12.685853004455566
400,12,46,12.629014015197754
400,12,47,12.595566749572754
400,12,48,12.50674819946289
400,12,49,12.461811065673828
400,12,50,12.42117691040039
400,12,51,12.375751495361328
400,12,52,12.324930191040039
400,12,53,12.28666877746582
400,12,54,12.249065399169922
400,12,55,12.218167304992676
400,12,56,12.193934440612793
400,12,57,12.142498016357422
400,12,58,12.094512939453125
400,12,59,12.07138729095459
400,12,60,12.056175231933594
400,12,61,11.995208740234375
400,12,62,11.980369567871094
400,12,63,11.955199241638184
400,12,64,11.946883201599121
400,12,65,11.88325309753418
400,12,66,11.859883308410645
400,12,67,11.84257984161377
400,12,68,11.799912452697754
400,12,69,11.776708602905273
400,12,70,11.744562149047852
400,12,71,11.722269058227539
400,12,72,11.697919845581055
400,12,73,11.66149616241455
400,12,74,11.620074272155762
400,12,75,11.59672737121582
400,12,76,11.579822540283203
400,12,77,11.558771133422852
400,12,78,11.516756057739258
400,12,79,11.494094848632812
400,12,80,11.502786636352539
400,12,81,11.45456600189209
400,12,82,11.431787490844727
400,12,83,11.406817436218262
400,12,84,11.394814491271973
400,12,85,11.367934226989746
400,12,86,11.333312034606934
400,12,87,11.305519104003906
400,12,88,11.3005952835083
400,12,89,11.277088165283203
400,12,90,11.251564025878906
400,12,91,11.234283447265625
400,12,92,11.24331283569336
400,12,93,11.241174697875977
400,12,94,11.205476760864258
400,12,95,11.205297470092773
400,12,96,11.185566902160645
400,12,97,11.182097434997559
400,12,98,11.167963981628418
400,12,99,11.151867866516113
400,12,100,11.13644027709961
400,12,101,11.14394474029541
400,12,102,11.131218910217285
400,12,103,11.103318214416504
400,12,104,11.09365463256836
400,12,105,11.09099006652832
400,12,106,11.088468551635742
400,12,107,11.08214282989502
400,12,108,11.085661888122559
400,12,109,11.10749340057373
400,12,110,11.0657320022583
400,12,111,11.067574501037598
400,12,112,11.042305946350098
400,12,113,11.041465759277344
400,12,114,11.042500495910645
400,12,115,11.07091236114502
400,12,116,11.049362182617188
400,12,117,11.016132354736328
400,12,118,11.004724502563477
400,12,119,10.9966459274292
400,12,120,11.004919052124023
400,24,1,55.29546356201172
400,24,2,48.75429916381836
400,24,3,43.6711311340332
400,24,4,39.11477279663086
400,24,5,35.09236145019531
400,24,6,31.311532974243164
400,24,7,27.730670928955078
400,24,8,24.946491241455078
400,24,9,22.887441635131836
400,24,10,21.331682205200195
400,24,11,20.08424949645996
400,24,12,19.02633285522461
400,24,13,18.258241653442383
400,24,14,17.57659149169922
400,24,15,16.90683364868164
400,24,16,16.25814437866211
400,24,17,15.71562385559082
400,24,18,15.261948585510254
400,24,19,14.879487991333008
400,24,20,14.552196502685547
400,24,21,14.260869026184082
400,24,22,13.997385025024414
400,24,23,13.75360107421875
400,24,24,13.541532516479492
400,24,25,13.330443382263184
400,24,26,13.166128158569336
400,24,27,12.984224319458008
400,24,28,12.837319374084473
400,24,29,12.687129974365234
400,24,30,12.572598457336426
400,24,31,12.44482135772705
400,24,32,12.34606647491455
400,24,33,12.24654483795166
400,24,34,12.172762870788574
400,24,35,12.088972091674805
400,24,36,12.019654273986816
400,24,37,11.953375816345215
400,24,38,11.895159721374512
400,24,39,11.840770721435547
400,24,40,11.783832550048828
400,24,41,11.73315715789795
400,24,42,11.692642211914062
400,24,43,11.646129608154297
400,24,44,11.60463809967041
400,24,45,11.565128326416016
400,24,46,11.528108596801758
400,24,47,11.491852760314941
400,24,48,11.464015007019043
400,24,49,11.43168830871582
400,24,50,11.401205062866211
400,24,51,11.378250122070312
400,24,52,11.34852123260498
400,24,53,11.329938888549805
400,24,54,11.303171157836914
400,24,55,11.284610748291016
400,24,56,11.259087562561035
400,24,57,11.239243507385254
400,24,58,11.223492622375488
400,24,59,11.2024507522583
400,24,60,11.194955825805664
400,24,61,11.169242858886719
400,24,62,11.161506652832031
400,24,63,11.135522842407227
400,24,64,11.128335952758789
400,24,65,11.106456756591797
400,24,66,11.086572647094727
400,24,67,11.078740119934082
400,24,68,11.066668510437012
400,24,69,11.04675006866455
400,24,70,11.036280632019043
400,24,71,11.021323204040527
400,24,72,11.01928997039795
400,24,73,11.001158714294434
400,24,74,10.990560531616211
400,24,75,10.984253883361816
400,24,76,10.96614933013916
400,24,77,10.952427864074707
400,24,78,10.944599151611328
400,24,79,10.931310653686523
400,24,80,10.92066764831543
400,24,81,10.90910816192627
400,24,82,10.901564598083496
400,24,83,10.886923789978027
400,24,84,10.88511848449707
400,24,85,10.880514144897461
400,24,86,10.863265991210938
400,24,87,10.85099983215332
400,24,88,10.838672637939453
400,24,89,10.831306457519531
400,24,90,10.819408416748047
400,24,91,10.81306266784668
400,24,92,10.805349349975586
400,24,93,10.791398048400879
400,24,94,10.78737735748291
400,24,95,10.773283004760742
400,24,96,10.762175559997559
400,24,97,10.749140739440918
400,24,98,10.73470687866211
400,24,99,10.724321365356445
400,24,100,10.717011451721191
400,24,101,10.704903602600098
400,24,102,10.691006660461426
400,24,103,10.692815780639648
400,24,104,10.665373802185059
400,24,105,10.659585952758789
400,24,106,10.646122932434082
400,24,107,10.635149002075195
400,24,108,10.628536224365234
400,24,109,10.6141357421875
400,24,110,10.603982925415039
400,24,111,10.592877388000488
400,24,112,10.58753776550293
400,24,113,10.578125
400,24,114,10.55957317352295
400,24,115,10.55052375793457
400,24,116,10.530482292175293
400,24,117,10.51774787902832
400,24,118,10.508864402770996
400,24,119,10.496159553527832
400,24,120,10.490478515625
400,48,1,40.60877990722656
400,48,2,32.85568618774414
400,48,3,27.31566619873047
400,48,4,22.85502052307129
400,48,5,19.53207778930664
400,48,6,18.26649284362793
400,48,7,17.355514526367188
400,48,8,16.573707580566406
400,48,9,16.026294708251953
400,48,10,15.605080604553223
400,48,11,15.271343231201172
400,48,12,14.993515968322754
400,48,13,14.738641738891602
400,48,14,14.512713432312012
400,48,15,14.295083045959473
400,48,16,14.075550079345703
400,48,17,13.869473457336426
400,48,18,13.685344696044922
400,48,19,13.498311996459961
400,48,20,13.333562850952148
400,48,21,13.147320747375488
400,48,22,12.975207328796387
400,48,23,12.804132461547852
400,48,24,12.669042587280273
400,48,25,12.54123306274414
400,48,26,12.428963661193848
400,48,27,12.319747924804688
400,48,28,12.219470024108887
400,48,29,12.106634140014648
400,48,30,12.030172348022461
400,48,31,11.942976951599121
400,48,32,11.871944427490234
400,48,33,11.804717063903809
400,48,34,11.743600845336914
400,48,35,11.681741714477539
400,48,36,11.614770889282227
400,48,37,11.56334114074707
400,48,38,11.510300636291504
400,48,39,11.463960647583008
400,48,40,11.428298950195312
400,48,41,11.388920783996582
400,48,42,11.351213455200195
400,48,43,11.325783729553223
400,48,44,11.281232833862305
400,48,45,11.252388000488281
400,48,46,11.232522964477539
400,48,47,11.187339782714844
400,48,48,11.161383628845215
400,48,49,11.143512725830078
400,48,50,11.124802589416504
400,48,51,11.12222957611084
400,48,52,11.074549674987793
400,48,53,11.04770565032959
400,48,54,11.032340049743652
400,48,55,11.01123046875
400,48,56,10.994074821472168
400,48,57,10.971153259277344
400,48,58,10.944964408874512
400,48,59,10.924386978149414
400,48,60,10.92375373840332
400,48,61,10.89452838897705
400,48,62,10.880532264709473
400,48,63,10.858414649963379
400,48,64,10.849713325500488
400,48,65,10.829094886779785
400,48,66,10.81755542755127
400,48,67,10.803221702575684
400,48,68,10.790732383728027
400,48,69,10.786460876464844
400,48,70,10.763947486877441
400,48,71,10.768136978149414
400,48,72,10.744278907775879
400,48,73,10.727330207824707
400,48,74,10.730340003967285
400,48,75,10.717461585998535
400,48,76,10.708800315856934
400,48,77,10.693818092346191
400,48,78,10.663427352905273
400,48,79,10.66976261138916
400,48,80,10.646965026855469
400,48,81,10.64644718170166
400,48,82,10.639859199523926
400,48,83,10.629284858703613
400,48,84,10.622615814208984
400,48,85,10.600646018981934
400,48,86,10.605401039123535
400,48,87,10.594254493713379
400,48,88,10.57895278930664
400,48,89,10.548867225646973
400,48,90,10.528777122497559
400,48,91,10.519110679626465
400,48,92,10.512048721313477
400,48,93,10.508240699768066
400,48,94,10.490190505981445
400,48,95,10.484967231750488
400,48,96,10.48637580871582
400,48,97,10.466992378234863
400,48,98,10.460926055908203
400,48,99,10.443492889404297
400,48,100,10.440773963928223
400,48,101,10.422893524169922
400,48,102,10.406407356262207
400,48,103,10.408448219299316
400,48,104,10.396733283996582
400,48,105,10.376697540283203
400,48,106,10.360208511352539
400,48,107,10.352051734924316
400,48,108,10.31611442565918
400,48,109,10.315914154052734
400,48,110,10.282055854797363
400,48,111,10.268314361572266
400,48,112,10.241873741149902
400,48,113,10.231623649597168
400,48,114,10.249579429626465
400,48,115,10.233779907226562
400,48,116,10.214629173278809
400,48,117,10.190218925476074
400,48,118,10.189239501953125
400,48,119,10.18557071685791
400,48,120,10.169147491455078
400,72,1,38.290889739990234
400,72,2,32.7779426574707
400,72,3,29.336803436279297
400,72,4,26.589658737182617
400,72,5,24.420570373535156
400,72,6,22.739519119262695
400,72,7,21.217369079589844
400,72,8,19.890958786010742
400,72,9,18.655651092529297
400,72,10,17.535367965698242
400,72,11,16.506183624267578
400,72,12,15.571260452270508
400,72,13,14.775433540344238
400,72,14,14.119373321533203
400,72,15,13.585651397705078
400,72,16,13.136564254760742
400,72,17,12.789851188659668
400,72,18,12.52138900756836
400,72,19,12.300992012023926
400,72,20,12.081090927124023
400,72,21,11.906495094299316
400,72,22,11.770336151123047
400,72,23,11.651033401489258
400,72,24,11.563169479370117
400,72,25,11.489031791687012
400,72,26,11.41628646850586
400,72,27,11.355897903442383
400,72,28,11.297924995422363
400,72,29,11.246706008911133
400,72,30,11.192279815673828
400,72,31,11.144454956054688
400,72,32,11.111088752746582
400,72,33,11.070429801940918
400,72,34,11.036860466003418
400,72,35,10.996065139770508
400,72,36,10.966670036315918
400,72,37,10.943779945373535
400,72,38,10.907377243041992
400,72,39,10.879322052001953
400,72,40,10.861923217773438
400,72,41,10.8345365524292
400,72,42,10.80569839477539
400,72,43,10.783320426940918
400,72,44,10.755681991577148
400,72,45,10.740732192993164
400,72,46,10.725142478942871
400,72,47,10.710179328918457
400,72,48,10.689724922180176
400,72,49,10.677474021911621
400,72,50,10.647499084472656
400,72,51,10.634666442871094
400,72,52,10.618321418762207
400,72,53,10.584835052490234
400,72,54,10.569662094116211
400,72,55,10.547150611877441
400,72,56,10.534405708312988
400,72,57,10.507660865783691
400,72,58,10.4967041015625
400,72,59,10.471091270446777
400,72,60,10.448984146118164
400,72,61,10.409900665283203
400,72,62,10.370771408081055
400,72,63,10.35067081451416
400,72,64,10.327394485473633
400,72,65,10.31594467163086
400,72,66,10.298968315124512
400,72,67,10.256098747253418
400,72,68,10.23109245300293
400,72,69,10.214873313903809
400,72,70,10.19038200378418
400,72,71,10.165068626403809
400,72,72,10.145509719848633
400,72,73,10.125746726989746
400,72,74,10.09917163848877
400,72,75,10.096304893493652
400,72,76,10.057134628295898
400,72,77,10.039788246154785
400,72,78,10.016878128051758
400,72,79,10.000896453857422
400,72,80,9.978269577026367
400,72,81,9.951417922973633
400,72,82,9.938755989074707
400,72,83,9.916576385498047
400,72,84,9.906858444213867
400,72,85,9.887797355651855
400,72,86,9.871539115905762
400,72,87,9.854001998901367
400,72,88,9.834750175476074
400,72,89,9.817550659179688
400,72,90,9.799349784851074
400,72,91,9.780179977416992
400,72,92,9.766230583190918
400,72,93,9.752422332763672
400,72,94,9.732807159423828
400,72,95,9.727066040039062
400,72,96,9.711979866027832
400,72,97,9.692391395568848
400,72,98,9.67930793762207
400,72,99,9.655458450317383
400,72,100,9.642459869384766
400,72,101,9.632854461669922
400,72,102,9.618541717529297
400,72,103,9.605528831481934
400,72,104,9.590899467468262
400,72,105,9.573802947998047
400,72,106,9.553966522216797
400,72,107,9.541685104370117
400,72,108,9.525187492370605
400,72,109,9.513876914978027
400,72,110,9.506641387939453
400,72,111,9.503246307373047
400,72,112,9.477630615234375
400,72,113,9.466469764709473
400,72,114,9.459051132202148
400,72,115,9.437823295593262
400,72,116,9.442420959472656
400,72,117,9.422658920288086
400,72,118,9.404458999633789
400,72,119,9.393697738647461
400,72,120,9.384194374084473
400,100,1,223.5258331298828
400,100,2,203.08987426757812
400,100,3,183.61126708984375
400,100,4,166.25607299804688
400,100,5,154.8831787109375
400,100,6,144.15135192871094
400,100,7,133.38323974609375
400,100,8,122.82182312011719
400,100,9,112.60088348388672
400,100,10,102.96572875976562
400,100,11,94.12046813964844
400,100,12,86.1406478881836
400,100,13,79.2265396118164
400,100,14,74.71400451660156
400,100,15,71.84099578857422
400,100,16,69.64476776123047
400,100,17,68.38704681396484
400,100,18,67.4959716796875
400,100,19,66.67030334472656
400,100,20,65.92088317871094
400,100,21,65.26683807373047
400,100,22,64.6590576171875
400,100,23,64.1003646850586
400,100,24,63.567115783691406
400,100,25,63.04246139526367
400,100,26,62.52143096923828
400,100,27,61.992374420166016
400,100,28,61.4585075378418
400,100,29,60.90789031982422
400,100,30,60.36589050292969
400,100,31,59.830379486083984
400,100,32,59.2941780090332
400,100,33,58.763919830322266
400,100,34,58.241477966308594
400,100,35,57.703399658203125
400,100,36,57.139530181884766
400,100,37,56.54525375366211
400,100,38,55.93794250488281
400,100,39,55.325599670410156
400,100,40,54.663028717041016
400,100,41,53.884342193603516
400,100,42,52.82327651977539
400,100,43,50.18966293334961
400,100,44,45.06873321533203
400,100,45,39.662784576416016
400,100,46,34.797122955322266
400,100,47,31.04800796508789
400,100,48,28.13869857788086
400,100,49,25.793649673461914
400,100,50,23.943599700927734
400,100,51,22.513093948364258
400,100,52,21.423864364624023
400,100,53,20.619430541992188
400,100,54,19.950605392456055
400,100,55,19.361520767211914
400,100,56,18.84799575805664
400,100,57,18.411815643310547
400,100,58,17.98870086669922
400,100,59,17.617380142211914
400,100,60,17.220745086669922
400,100,61,16.833511352539062
400,100,62,16.439523696899414
400,100,63,15.994583129882812
400,100,64,15.644024848937988
400,100,65,15.324539184570312
400,100,66,15.042593955993652
400,100,67,14.781058311462402
400,100,68,14.545559883117676
400,100,69,14.332091331481934
400,100,70,14.131637573242188
400,100,71,13.944540977478027
400,100,72,13.765286445617676
400,100,73,13.596406936645508
400,100,74,13.441468238830566
400,100,75,13.290048599243164
400,100,76,13.157533645629883
400,100,77,13.01123332977295
400,100,78,12.874919891357422
400,100,79,12.744762420654297
400,100,80,12.620001792907715
400,100,81,12.49667739868164
400,100,82,12.376725196838379
400,100,83,12.256494522094727
400,100,84,12.146592140197754
400,100,85,12.039471626281738
400,100,86,11.939550399780273
400,100,87,11.837990760803223
400,100,88,11.739850044250488
400,100,89,11.630908012390137
400,100,90,11.537904739379883
400,100,91,11.444212913513184
400,100,92,11.353848457336426
400,100,93,11.276159286499023
400,100,94,11.197049140930176
400,100,95,11.127619743347168
400,100,96,11.050695419311523
400,100,97,10.978341102600098
400,100,98,10.91049575805664
400,100,99,10.836960792541504
400,100,100,10.775978088378906
400,100,101,10.707643508911133
400,100,102,10.643450736999512
400,100,103,10.577643394470215
400,100,104,10.518014907836914
400,100,105,10.4608793258667
400,100,106,10.395732879638672
400,100,107,10.340910911560059
400,100,108,10.278738021850586
400,100,109,10.223934173583984
400,100,110,10.168803215026855
400,100,111,10.122867584228516
400,100,112,10.076852798461914
400,100,113,10.029274940490723
400,100,114,9.990220069885254
400,100,115,9.948418617248535
400,100,116,9.91564655303955
400,100,117,9.884406089782715
400,100,118,9.8483247756958
400,100,119,9.81116771697998
400,100,120,9.78242015838623
300,4,1,76.58074951171875
300,4,2,62.21015930175781
300,4,3,49.675315856933594
300,4,4,39.61907958984375
300,4,5,33.37504577636719
300,4,6,29.828947067260742
300,4,7,28.135372161865234
300,4,8,26.9957332611084
300,4,9,25.589975357055664
300,4,10,24.121152877807617
300,4,11,23.11483383178711
300,4,12,22.17574119567871
300,4,13,21.43629264831543
300,4,14,20.79998779296875
300,4,15,20.30288314819336
300,4,16,19.851530075073242
300,4,17,19.436153411865234
300,4,18,19.029739379882812
300,4,19,18.647872924804688
300,4,20,18.27765464782715
300,4,21,17.906465530395508
300,4,22,17.57656478881836
300,4,23,17.201446533203125
300,4,24,16.833635330200195
300,4,25,16.512348175048828
300,4,26,16.209796905517578
300,4,27,15.923585891723633
300,4,28,15.705277442932129
300,4,29,15.510750770568848
300,4,30,15.36410903930664
300,4,31,15.164905548095703
300,4,32,15.019196510314941
300,4,33,14.890070915222168
300,4,34,14.76419448852539
300,4,35,14.593299865722656
300,4,36,14.438833236694336
300,4,37,14.33129596710205
300,4,38,14.219990730285645
300,4,39,14.1353120803833
300,4,40,14.02589225769043
300,4,41,13.91411018371582
300,4,42,13.81174373626709
300,4,43,13.72966194152832
300,4,44,13.664506912231445
300,4,45,13.598372459411621
300,4,46,13.509880065917969
300,4,47,13.4857816696167
300,4,48,13.433326721191406
300,4,49,13.3097562789917
300,4,50,13.261826515197754
300,4,51,13.230453491210938
300,4,52,13.1583890914917
300,4,53,13.106473922729492
300,4,54,13.077701568603516
300,4,55,13.046343803405762
300,4,56,12.978679656982422
300,4,57,12.982437133789062
300,4,58,12.936898231506348
300,4,59,12.91495418548584
300,4,60,12.909526824951172
300,4,61,12.860726356506348
300,4,62,12.823436737060547
300,4,63,12.849069595336914
300,4,64,12.798975944519043
300,4,65,12.753674507141113
300,4,66,12.76528263092041
300,4,67,12.786056518554688
300,4,68,12.825231552124023
300,4,69,12.752021789550781
300,4,70,12.702816009521484
300,4,71,12.691514015197754
300,4,72,12.683126449584961
300,4,73,12.692862510681152
300,4,74,12.760238647460938
300,4,75,12.700883865356445
300,4,76,12.635191917419434
300,4,77,12.625539779663086
300,4,78,12.651564598083496
300,4,79,12.603610038757324
300,4,80,12.591970443725586
300,4,81,12.77843952178955
300,4,82,12.604890823364258
300,4,83,12.574792861938477
300,4,84,12.597880363464355
300,4,85,12.595009803771973
300,4,86,12.563301086425781
300,4,87,12.568233489990234
300,4,88,12.545737266540527
300,4,89,12.575284004211426
300,4,90,12.542496681213379
300,4,91,12.523967742919922
300,4,92,12.517594337463379
300,4,93,12.54629898071289
300,4,94,12.512014389038086
300,4,95,12.507615089416504
300,4,96,12.494007110595703
300,4,97,12.504955291748047
300,4,98,12.475984573364258
300,4,99,12.493209838867188
300,4,100,12.516918182373047
300,4,101,12.535969734191895
300,4,102,12.46350383758545
300,4,103,12.49197006225586
300,4,104,12.448443412780762
300,4,105,12.45568561553955
300,4,106,12.447062492370605
300,4,107,12.481035232543945
300,4,108,12.453080177307129
300,4,109,12.447067260742188
300,4,110,12.412799835205078
300,4,111,12.466032028198242
300,4,112,12.419662475585938
300,4,113,12.418355941772461
300,4,114,12.417980194091797
300,4,115,12.426191329956055
300,4,116,12.461054801940918
300,4,117,12.50147819519043
300,4,118,12.431304931640625
300,4,119,12.43940258026123
300,4,120,12.42760944366455
300,12,1,81.70315551757812
300,12,2,73.03429412841797
300,12,3,66.6062240600586
300,12,4,60.01927185058594
300,12,5,54.12369918823242
300,12,6,51.01303482055664
300,12,7,48.70433044433594
300,12,8,46.52206802368164
300,12,9,44.512428283691406
300,12,10,42.57390594482422
300,12,11,40.73756790161133
300,12,12,38.98984146118164
300,12,13,37.31967544555664
300,12,14,35.65476608276367
300,12,15,34.05766296386719
300,12,16,32.459991455078125
300,12,17,30.91523551940918
300,12,18,29.421377182006836
300,12,19,27.959651947021484
300,12,20,26.60597038269043
300,12,21,25.344829559326172
300,12,22,24.20142364501953
300,12,23,23.179487228393555
300,12,24,22.26215171813965
300,12,25,21.43870735168457
300,12,26,20.739768981933594
300,12,27,20.10607147216797
300,12,28,19.570554733276367
300,12,29,19.088966369628906
300,12,30,18.66623878479004
300,12,31,18.29171371459961
300,12,32,17.97051239013672
300,12,33,17.67116355895996
300,12,34,17.38002586364746
300,12,35,17.127559661865234
300,12,36,16.89013671875
300,12,37,16.657352447509766
300,12,38,16.452789306640625
300,12,39,16.258108139038086
300,12,40,16.07840347290039
300,12,41,15.891725540161133
300,12,42,15.729636192321777
300,12,43,15.574931144714355
300,12,44,15.42822265625
300,12,45,15.294062614440918
300,12,46,15.157038688659668
300,12,47,15.009575843811035
300,12,48,14.876327514648438
300,12,49,14.750823974609375
300,12,50,14.640721321105957
300,12,51,14.523564338684082
300,12,52,14.406023025512695
300,12,53,14.314207077026367
300,12,54,14.22195816040039
300,12,55,14.12244701385498
300,12,56,14.029338836669922
300,12,57,13.937224388122559
300,12,58,13.85285758972168
300,12,59,13.78023910522461
300,12,60,13.71304988861084
300,12,61,13.643108367919922
300,12,62,13.596445083618164
300,12,63,13.525304794311523
300,12,64,13.45339584350586
300,12,65,13.389897346496582
300,12,66,13.32491683959961
300,12,67,13.255236625671387
300,12,68,13.19953441619873
300,12,69,13.148200988769531
300,12,70,13.090120315551758
300,12,71,13.027667999267578
300,12,72,12.984304428100586
300,12,73,12.928376197814941
300,12,74,12.892032623291016
300,12,75,12.844366073608398
300,12,76,12.806903839111328
300,12,77,12.793270111083984
300,12,78,12.749797821044922
300,12,79,12.67671012878418
300,12,80,12.64554214477539
300,12,81,12.598958969116211
300,12,82,12.578097343444824
300,12,83,12.551604270935059
300,12,84,12.535948753356934
300,12,85,12.479914665222168
300,12,86,12.428715705871582
300,12,87,12.405278205871582
300,12,88,12.362972259521484
300,12,89,12.336711883544922
300,12,90,12.307552337646484
300,12,91,12.273566246032715
300,12,92,12.247013092041016
300,12,93,12.238171577453613
300,12,94,12.237513542175293
300,12,95,12.206693649291992
300,12,96,12.164419174194336
300,12,97,12.11091423034668
300,12,98,12.084775924682617
300,12,99,12.060988426208496
300,12,100,12.030720710754395
300,12,101,12.01076889038086
300,12,102,12.00455379486084
300,12,103,11.968628883361816
300,12,104,11.962613105773926
300,12,105,11.929295539855957
300,12,106,11.913599967956543
300,12,107,11.89896297454834
300,12,108,11.886397361755371
300,12,109,11.853169441223145
300,12,110,11.82851505279541
300,12,111,11.78884506225586
300,12,112,11.765050888061523
300,12,113,11.747795104980469
300,12,114,11.73886489868164
300,12,115,11.70572566986084
300,12,116,11.688749313354492
300,12,117,11.672219276428223
300,12,118,11.653560638427734
300,12,119,11.633588790893555
300,12,120,11.619171142578125
300,24,1,190.49354553222656
300,24,2,168.26390075683594
300,24,3,146.14608764648438
300,24,4,124.07676696777344
300,24,5,101.4644775390625
300,24,6,76.83958435058594
300,24,7,57.44576644897461
300,24,8,45.577613830566406
300,24,9,37.77012252807617
300,24,10,31.862424850463867
300,24,11,27.565099716186523
300,24,12,24.507238388061523
300,24,13,22.367799758911133
300,24,14,20.966041564941406
300,24,15,20.051767349243164
300,24,16,19.40633201599121
300,24,17,18.90998649597168
300,24,18,18.488309860229492
300,24,19,18.112565994262695
300,24,20,17.76163101196289
300,24,21,17.43102264404297
300,24,22,17.118703842163086
300,24,23,16.816713333129883
300,24,24,16.54515838623047
300,24,25,16.290084838867188
300,24,26,16.04541778564453
300,24,27,15.822998046875
300,24,28,15.607933044433594
300,24,29,15.413166999816895
300,24,30,15.227787017822266
300,24,31,15.052796363830566
300,24,32,14.89255142211914
300,24,33,14.739296913146973
300,24,34,14.596909523010254
300,24,35,14.465763092041016
300,24,36,14.34412956237793
300,24,37,14.226014137268066
300,24,38,14.118782997131348
300,24,39,14.01707935333252
300,24,40,13.920965194702148
300,24,41,13.8285493850708
300,24,42,13.74179458618164
300,24,43,13.655271530151367
300,24,44,13.57620620727539
300,24,45,13.500320434570312
300,24,46,13.423190116882324
300,24,47,13.35338020324707
300,24,48,13.280458450317383
300,24,49,13.214629173278809
300,24,50,13.149454116821289
300,24,51,13.084026336669922
300,24,52,13.024896621704102
300,24,53,12.96645450592041
300,24,54,12.911215782165527
300,24,55,12.858991622924805
300,24,56,12.807331085205078
300,24,57,12.761974334716797
300,24,58,12.71391773223877
300,24,59,12.66953182220459
300,24,60,12.629361152648926
300,24,61,12.590279579162598
300,24,62,12.553509712219238
300,24,63,12.51761531829834
300,24,64,12.48678970336914
300,24,65,12.451080322265625
300,24,66,12.424833297729492
300,24,67,12.385040283203125
300,24,68,12.352754592895508
300,24,69,12.324664115905762
300,24,70,12.285496711730957
300,24,71,12.250927925109863
300,24,72,12.225776672363281
300,24,73,12.189203262329102
300,24,74,12.157959938049316
300,24,75,12.127839088439941
300,24,76,12.096209526062012
300,24,77,12.068414688110352
300,24,78,12.040349960327148
300,24,79,12.016990661621094
300,24,80,11.992168426513672
300,24,81,11.958634376525879
300,24,82,11.937518119812012
300,24,83,11.908307075500488
300,24,84,11.888327598571777
300,24,85,11.860477447509766
300,24,86,11.83806037902832
300,24,87,11.813722610473633
300,24,88,11.792600631713867
300,24,89,11.772530555725098
300,24,90,11.750567436218262
300,24,91,11.72498893737793
300,24,92,11.706132888793945
300,24,93,11.686182022094727
300,24,94,11.667932510375977
300,24,95,11.656451225280762
300,24,96,11.624054908752441
300,24,97,11.611437797546387
300,24,98,11.594666481018066
300,24,99,11.572188377380371
300,24,100,11.558123588562012
300,24,101,11.539449691772461
300,24,102,11.530247688293457
300,24,103,11.509265899658203
300,24,104,11.497485160827637
300,24,105,11.475884437561035
300,24,106,11.464147567749023
300,24,107,11.445257186889648
300,24,108,11.430126190185547
300,24,109,11.41211986541748
300,24,110,11.397956848144531
300,24,111,11.386961936950684
300,24,112,11.36790943145752
300,24,113,11.355522155761719
300,24,114,11.347503662109375
300,24,115,11.327497482299805
300,24,116,11.318044662475586
300,24,117,11.307780265808105
300,24,118,11.293169975280762
300,24,119,11.282442092895508
300,24,120,11.274827003479004
300,48,1,74.68743133544922
300,48,2,67.43938446044922
300,48,3,59.853477478027344
300,48,4,52.073158264160156
300,48,5,44.63787841796875
300,48,6,38.19919204711914
300,48,7,32.382835388183594
300,48,8,27.315670013427734
300,48,9,23.361194610595703
300,48,10,20.664798736572266
300,48,11,19.203977584838867
300,48,12,18.400930404663086
300,48,13,17.843334197998047
300,48,14,17.39068031311035
300,48,15,16.97498893737793
300,48,16,16.60155487060547
300,48,17,16.269601821899414
300,48,18,15.973702430725098
300,48,19,15.697705268859863
300,48,20,15.444120407104492
300,48,21,15.212401390075684
300,48,22,14.986715316772461
300,48,23,14.772429466247559
300,48,24,14.565832138061523
300,48,25,14.372642517089844
300,48,26,14.199503898620605
300,48,27,14.04971981048584
300,48,28,13.907721519470215
300,48,29,13.780781745910645
300,48,30,13.673683166503906
300,48,31,13.570566177368164
300,48,32,13.482735633850098
300,48,33,13.40358829498291
300,48,34,13.3386869430542
300,48,35,13.253897666931152
300,48,36,13.199321746826172
300,48,37,13.118048667907715
300,48,38,13.061283111572266
300,48,39,12.997269630432129
300,48,40,12.938600540161133
300,48,41,12.879132270812988
300,48,42,12.82381820678711
300,48,43,12.769028663635254
300,48,44,12.72696590423584
300,48,45,12.66840648651123
300,48,46,12.612940788269043
300,48,47,12.568748474121094
300,48,48,12.517208099365234
300,48,49,12.474267959594727
300,48,50,12.425360679626465
300,48,51,12.379793167114258
300,48,52,12.337509155273438
300,48,53,12.290107727050781
300,48,54,12.25156307220459
300,48,55,12.20967960357666
300,48,56,12.17504596710205
300,48,57,12.147298812866211
300,48,58,12.1084623336792
300,48,59,12.076196670532227
300,48,60,12.03916072845459
300,48,61,12.006097793579102
300,48,62,11.977215766906738
300,48,63,11.938426971435547
300,48,64,11.9148530960083
300,48,65,11.881811141967773
300,48,66,11.855188369750977
300,48,67,11.819599151611328
300,48,68,11.817081451416016
300,48,69,11.7722749710083
300,48,70,11.748147964477539
300,48,71,11.7252836227417
300,48,72,11.701881408691406
300,48,73,11.683409690856934
300,48,74,11.66788387298584
300,48,75,11.635786056518555
300,48,76,11.621784210205078
300,48,77,11.60837459564209
300,48,78,11.581140518188477
300,48,79,11.5667724609375
300,48,80,11.552431106567383
300,48,81,11.532779693603516
300,48,82,11.513036727905273
300,48,83,11.497788429260254
300,48,84,11.478353500366211
300,48,85,11.460142135620117
300,48,86,11.455418586730957
300,48,87,11.43656063079834
300,48,88,11.41001033782959
300,48,89,11.409940719604492
300,48,90,11.389646530151367
300,48,91,11.371817588806152
300,48,92,11.365618705749512
300,48,93,11.348869323730469
300,48,94,11.326953887939453
300,48,95,11.317902565002441
300,48,96,11.302913665771484
300,48,97,11.285791397094727
300,48,98,11.291016578674316
300,48,99,11.261649131774902
300,48,100,11.25008487701416
300,48,101,11.248974800109863
300,48,102,11.224224090576172
300,48,103,11.204001426696777
300,48,104,11.192764282226562
300,48,105,11.16556453704834
300,48,106,11.140037536621094
300,48,107,11.100115776062012
300,48,108,11.081929206848145
300,48,109,11.068784713745117
300,48,110,11.039655685424805
300,48,111,11.027338027954102
300,48,112,11.014613151550293
300,48,113,10.993043899536133
300,48,114,10.978819847106934
300,48,115,10.969361305236816
300,48,116,10.958301544189453
300,48,117,10.935376167297363
300,48,118,10.92462158203125
300,48,119,10.905665397644043
300,48,120,10.893149375915527
300,72,1,64.56371307373047
300,72,2,47.88693618774414
300,72,3,33.915374755859375
300,72,4,26.850183486938477
300,72,5,25.019634246826172
300,72,6,22.724246978759766
300,72,7,20.610868453979492
300,72,8,19.375194549560547
300,72,9,18.216060638427734
300,72,10,17.215484619140625
300,72,11,16.50751304626465
300,72,12,16.018169403076172
300,72,13,15.680481910705566
300,72,14,15.433093070983887
300,72,15,15.227790832519531
300,72,16,15.024202346801758
300,72,17,14.815223693847656
300,72,18,14.607726097106934
300,72,19,14.421791076660156
300,72,20,14.268594741821289
300,72,21,14.137911796569824
300,72,22,14.013319969177246
300,72,23,13.896726608276367
300,72,24,13.784807205200195
300,72,25,13.677263259887695
300,72,26,13.570935249328613
300,72,27,13.465431213378906
300,72,28,13.36449909210205
300,72,29,13.271709442138672
300,72,30,13.182232856750488
300,72,31,13.091031074523926
300,72,32,13.007528305053711
300,72,33,12.925159454345703
300,72,34,12.846348762512207
300,72,35,12.767688751220703
300,72,36,12.693603515625
300,72,37,12.609870910644531
300,72,38,12.535021781921387
300,72,39,12.455816268920898
300,72,40,12.378554344177246
300,72,41,12.310135841369629
300,72,42,12.245475769042969
300,72,43,12.186605453491211
300,72,44,12.137125015258789
300,72,45,12.08267879486084
300,72,46,12.02415943145752
300,72,47,11.977469444274902
300,72,48,11.928815841674805
300,72,49,11.874005317687988
300,72,50,11.824045181274414
300,72,51,11.770804405212402
300,72,52,11.723737716674805
300,72,53,11.677685737609863
300,72,54,11.632484436035156
300,72,55,11.591070175170898
300,72,56,11.549149513244629
300,72,57,11.518863677978516
300,72,58,11.481212615966797
300,72,59,11.437165260314941
300,72,60,11.415614128112793
300,72,61,11.36931324005127
300,72,62,11.344182968139648
300,72,63,11.3121919631958
300,72,64,11.275915145874023
300,72,65,11.24668025970459
300,72,66,11.231878280639648
300,72,67,11.189838409423828
300,72,68,11.166112899780273
300,72,69,11.150434494018555
300,72,70,11.116620063781738
300,72,71,11.082005500793457
300,72,72,11.055102348327637
300,72,73,11.039339065551758
300,72,74,11.012602806091309
300,72,75,10.977812767028809
300,72,76,10.963776588439941
300,72,77,10.949174880981445
300,72,78,10.922811508178711
300,72,79,10.894375801086426
300,72,80,10.89090347290039
300,72,81,10.852582931518555
300,72,82,10.837745666503906
300,72,83,10.837567329406738
300,72,84,10.820330619812012
300,72,85,10.786136627197266
300,72,86,10.772562026977539
300,72,87,10.780338287353516
300,72,88,10.746233940124512
300,72,89,10.725034713745117
300,72,90,10.710152626037598
300,72,91,10.71018123626709
300,72,92,10.686748504638672
300,72,93,10.673439025878906
300,72,94,10.665833473205566
300,72,95,10.654128074645996
300,72,96,10.622255325317383
300,72,97,10.616006851196289
300,72,98,10.609660148620605
300,72,99,10.608499526977539
300,72,100,10.585421562194824
300,72,101,10.570725440979004
300,72,102,10.560589790344238
300,72,103,10.535835266113281
300,72,104,10.525660514831543
300,72,105,10.521364212036133
300,72,106,10.520474433898926
300,72,107,10.490882873535156
300,72,108,10.475530624389648
300,72,109,10.474390983581543
300,72,110,10.471837997436523
300,72,111,10.43917179107666
300,72,112,10.429680824279785
300,72,113,10.434372901916504
300,72,114,10.396065711975098
300,72,115,10.384668350219727
300,72,116,10.389998435974121
300,72,117,10.398408889770508
300,72,118,10.381356239318848
300,72,119,10.357088088989258
300,72,120,10.343756675720215
300,100,1,450.9232177734375
300,100,2,428.0986022949219
300,100,3,405.64715576171875
300,100,4,383.8041687011719
300,100,5,362.3663635253906
300,100,6,341.2001037597656
300,100,7,320.7792663574219
300,100,8,301.78717041015625
300,100,9,284.81231689453125
300,100,10,269.0409240722656
300,100,11,253.74044799804688
300,100,12,238.6682586669922
300,100,13,223.73626708984375
300,100,14,208.9194793701172
300,100,15,194.28192138671875
300,100,16,180.42677307128906
300,100,17,167.20603942871094
300,100,18,154.18865966796875
300,100,19,141.4581298828125
300,100,20,129.31130981445312
300,100,21,117.8898696899414
300,100,22,107.1797866821289
300,100,23,97.863525390625
300,100,24,90.89934539794922
300,100,25,84.95960235595703
300,100,26,79.38715362548828
300,100,27,73.97541809082031
300,100,28,68.67997741699219
300,100,29,63.41168975830078
300,100,30,58.10835266113281
300,100,31,52.75481414794922
300,100,32,47.338382720947266
300,100,33,41.955753326416016
300,100,34,36.95509338378906
300,100,35,32.406280517578125
300,100,36,28.681743621826172
300,100,37,26.309560775756836
300,100,38,24.899015426635742
300,100,39,23.921789169311523
300,100,40,23.21454620361328
300,100,41,22.648340225219727
300,100,42,22.160266876220703
300,100,43,21.728452682495117
300,100,44,21.341083526611328
300,100,45,21.024736404418945
300,100,46,20.72895050048828
300,100,47,20.47023582458496
300,100,48,20.243940353393555
300,100,49,20.03118324279785
300,100,50,19.842065811157227
300,100,51,19.65403938293457
300,100,52,19.47711753845215
300,100,53,19.307676315307617
300,100,54,19.1325626373291
300,100,55,18.95293617248535
300,100,56,18.77507781982422
300,100,57,18.594820022583008
300,100,58,18.41226577758789
300,100,59,18.225584030151367
300,100,60,18.037813186645508
300,100,61,17.858909606933594
300,100,62,17.696834564208984
300,100,63,17.549989700317383
300,100,64,17.41054344177246
300,100,65,17.272066116333008
300,100,66,17.140291213989258
300,100,67,17.01658821105957
300,100,68,16.901216506958008
300,100,69,16.793127059936523
300,100,70,16.68959617614746
300,100,71,16.5900936126709
300,100,72,16.483806610107422
300,100,73,16.37334442138672
300,100,74,16.245325088500977
300,100,75,16.096914291381836
300,100,76,15.953036308288574
300,100,77,15.793937683105469
300,100,78,15.586941719055176
300,100,79,15.327940940856934
300,100,80,15.058066368103027
300,100,81,14.804849624633789
300,100,82,14.581226348876953
300,100,83,14.397632598876953
300,100,84,14.233904838562012
300,100,85,14.098402976989746
300,100,86,13.974452018737793
300,100,87,13.849642753601074
300,100,88,13.734155654907227
300,100,89,13.621772766113281
300,100,90,13.522830963134766
300,100,91,13.434769630432129
300,100,92,13.352712631225586
300,100,93,13.27438735961914
300,100,94,13.185169219970703
300,100,95,13.095333099365234
300,100,96,13.006622314453125
300,100,97,12.926974296569824
300,100,98,12.861944198608398
300,100,99,12.797072410583496
300,100,100,12.741657257080078
300,100,101,12.679688453674316
300,100,102,12.627959251403809
300,100,103,12.578463554382324
300,100,104,12.528036117553711
300,100,105,12.483630180358887
300,100,106,12.428644180297852
300,100,107,12.379176139831543
300,100,108,12.338763236999512
300,100,109,12.289811134338379
300,100,110,12.254857063293457
300,100,111,12.218194961547852
300,100,112,12.182516098022461
300,100,113,12.145441055297852
300,100,114,12.110172271728516
300,100,115,12.071781158447266
300,100,116,12.029979705810547
300,100,117,11.990867614746094
300,100,118,11.956425666809082
300,100,119,11.927334785461426
300,100,120,11.89379596710205
